gene	RefSeq	Approved_Symbol	HGNC_ID
AAAS	NM_015665.5	AAAS	HGNC:13666
AARS	NM_001605.2	AARS1	HGNC:20
AASS	NM_005763.3	AASS	HGNC:17366
ABCA1	NM_005502.3	ABCA1	HGNC:29
ABCA12	NM_173076.2	ABCA12	HGNC:14637
ABCA2	NM_212533.2	ABCA2	HGNC:32
ABCA4	NM_000350.2	ABCA4	HGNC:34
ABCB11	NM_003742.2	ABCB11	HGNC:42
ABCC6	NM_001171.5	ABCC6	HGNC:57
ABCC8	NM_000352.3	ABCC8	HGNC:59
ABCD1	NM_000033.3	ABCD1	HGNC:61
ABCD4	NM_005050.3	ABCD4	HGNC:68
ABCG5	NM_022436.2	ABCG5	HGNC:13886
ABCG8	NM_022437.2	ABCG8	HGNC:13887
ABHD12	NM_001042472.2	ABHD12	HGNC:15868
ABHD5	NM_016006.4	ABHD5	HGNC:21396
ACADM	NM_000016.4	ACADM	HGNC:89
ACADS	NM_000017.2	ACADS	HGNC:90
ACADSB	NM_001609.3	ACADSB	HGNC:91
ACADVL	NM_000018.2	ACADVL	HGNC:92
ACAN	NM_013227.3	ACAN	HGNC:319
ACSF3	NM_174917.3	ACSF3	HGNC:27288
ACTB	NM_001101.3	ACTB	HGNC:132
ACVRL1	NM_000020.2	ACVRL1	HGNC:175
ADAR	NM_001111.4	ADAR	HGNC:225
ADCY5	NM_183357.2	ADCY5	HGNC:236
ADGRG1	NM_005682.5	ADGRG1	HGNC:4512
ADGRV1	NM_032119.3	ADGRV1	HGNC:17416
ADSL	NM_000026.2	ADSL	HGNC:291
AEBP1	NM_001129.4	AEBP1	HGNC:303
AFF2	NM_002025.2	AFF2	HGNC:3776
AFG3L2	NM_006796.2	AFG3L2	HGNC:315
AGA	NM_000027.3	AGA	HGNC:318
AGK	NM_018238.3	AGK	HGNC:21869
AGL	NM_000642.2	AGL	HGNC:321
AGPAT2	NM_006412.3	AGPAT2	HGNC:325
AGRN	NM_198576.3	AGRN	HGNC:329
AHI1	NM_017651.4	AHI1	HGNC:21575
AIMP1	NM_004757.3	AIMP1	HGNC:10648
AIPL1	NM_014336.3	AIPL1	HGNC:359
AIRE	NM_000383.2	AIRE	HGNC:360
ALB	NM_000477.5	ALB	HGNC:399
ALDH18A1	NM_002860.3	ALDH18A1	HGNC:9722
ALDH5A1	NM_001080.3	ALDH5A1	HGNC:408
ALDH7A1	NM_001182.4	ALDH7A1	HGNC:877
ALDOA	NM_000034.3	ALDOA	HGNC:414
ALG11	NM_001004127.2	ALG11	HGNC:32456
ALG14	NM_144988.3	ALG14	HGNC:28287
ALG8	NM_024079.4	ALG8	HGNC:23161
ALMS1	NM_015120.4	ALMS1	HGNC:428
ALOX12B	NM_001139.2	ALOX12B	HGNC:430
ALOXE3	NM_021628.2	ALOXE3	HGNC:13743
ALPK3	NM_020778.4	ALPK3	HGNC:17574
ALPL	NM_000478.4	ALPL	HGNC:438
ALS2	NM_020919.3	ALS2	HGNC:443
ALX4	NM_021926.3	ALX4	HGNC:450
AMPD1	NM_000036.2	AMPD1	HGNC:468
AMT	NM_000481.3	AMT	HGNC:473
ANK1	NM_000037.3	ANK1	HGNC:492
ANKRD11	NM_013275.5	ANKRD11	HGNC:21316
ANKS6	NM_173551.3	ANKS6	HGNC:26724
ANO5	NM_213599.2	ANO5	HGNC:27337
ANOS1	NM_000216.2	ANOS1	HGNC:6211
AP1S1	NM_001283.3	AP1S1	HGNC:559
AP1S2	NM_003916.3	AP1S2	HGNC:560
AP3B2	NM_004644.3	AP3B2	HGNC:567
AP4M1	NM_004722.3	AP4M1	HGNC:574
AP4S1	NM_007077.4	AP4S1	HGNC:575
APC	NM_000038.5	APC	HGNC:583
APOC3	NM_000040.1	APOC3	HGNC:610
ARFGEF2	NM_006420.2	ARFGEF2	HGNC:15853
ARG1	NM_000045.2	ARG1	HGNC:663
ARHGAP29	NM_004815.3	ARHGAP29	HGNC:30207
ARID1A	NM_006015.4	ARID1A	HGNC:11110
ARID1B	NM_020732.3	ARID1B	HGNC:18040
ARL6IP1	NM_015161.1	ARL6IP1	HGNC:697
ARMC4	NM_018076.3	ODAD2	HGNC:25583
ARMC9	NM_025139.5	ARMC9	HGNC:20730
ARPC1B	NM_005720.3	ARPC1B	HGNC:704
ARSA	NM_000487.5	ARSA	HGNC:713
ARSE	NM_000047.2	ARSL	HGNC:719
ARV1	NM_022786.1	ARV1	HGNC:29561
ASH1L	NM_018489.2	ASH1L	HGNC:19088
ASL	NM_000048.3	ASL	HGNC:746
ASNS	NM_133436.3	ASNS	HGNC:753
ASPA	NM_000049.2	ASPA	HGNC:756
ASPM	NM_018136.4	ASPM	HGNC:19048
ASS1	NM_000050.4	ASS1	HGNC:758
ASXL3	NM_030632.1	ASXL3	HGNC:29357
ATF6	NM_007348.3	ATF6	HGNC:791
ATM	NM_000051.3	ATM	HGNC:795
ATP1A2	NM_000702.3	ATP1A2	HGNC:800
ATP2A1	NM_173201.3	ATP2A1	HGNC:811
ATP2A2	NM_001681.3	ATP2A2	HGNC:812
ATP2B2	NM_001683.3	ATP2B2	HGNC:815
ATP2C1	NM_014382.3	ATP2C1	HGNC:13211
ATP6V0A2	NM_012463.3	ATP6V0A2	HGNC:18481
ATP7B	NM_000053.3	ATP7B	HGNC:870
ATP8A2	NM_016529.4	ATP8A2	HGNC:13533
ATR	NM_001184.3	ATR	HGNC:882
ATRX	NM_000489.3	ATRX	HGNC:886
AUH	NM_001698.2	AUH	HGNC:890
AUTS2	NM_015570.2	AUTS2	HGNC:14262
B3GALNT2	NM_152490.2	B3GALNT2	HGNC:28596
B3GLCT	NM_194318.3	B3GLCT	HGNC:20207
B4GALT7	NM_007255.2	B4GALT7	HGNC:930
BAP1	NM_004656.3	BAP1	HGNC:950
BARD1	NM_000465.2	BARD1	HGNC:952
BBS1	NM_024649.4	BBS1	HGNC:966
BBS2	NM_031885.3	BBS2	HGNC:967
BBS4	NM_033028.4	BBS4	HGNC:969
BBS5	NM_152384.2	BBS5	HGNC:970
BBS9	NM_198428.2	BBS9	HGNC:30000
BCAP31	NM_001139441.1	BCAP31	HGNC:16695
BCKDHA	NM_000709.3	BCKDHA	HGNC:986
BCKDK	NM_005881.3	BCKDK	HGNC:16902
BCL11B	NM_138576.3	BCL11B	HGNC:13222
BCOR	NM_017745.5	BCOR	HGNC:20893
BCS1L	NM_004328.4	BCS1L	HGNC:1020
BLM	NM_000057.2	BLM	HGNC:1058
BMP4	NM_001202.3	BMP4	HGNC:1071
BMPR1A	NM_004329.2	BMPR1A	HGNC:1076
BMPR2	NM_001204.6	BMPR2	HGNC:1078
BPTF	NM_004459.6	BPTF	HGNC:3581
BRAT1	NM_152743.3	BRAT1	HGNC:21701
BRCA1	NM_007294.3	BRCA1	HGNC:1100
BRCA2	NM_000059.3	BRCA2	HGNC:1101
BRF1	NM_001519.3	BRF1	HGNC:11551
BRIP1	NM_032043.2	BRIP1	HGNC:20473
BRPF1	NM_001003694.1	BRPF1	HGNC:14255
BTK	NM_000061.2	BTK	HGNC:1133
BUB1B	NM_001211.5	BUB1B	HGNC:1149
C2CD3	NM_015531.5	C2CD3	HGNC:24564
C3	NM_000064.3	C3	HGNC:1318
C6	NM_000065.3	C6	HGNC:1339
CA2	NM_000067.2	CA2	HGNC:1373
CABP2	NM_016366.2	CABP2	HGNC:1385
CABP4	NM_145200.3	CABP4	HGNC:1386
CACNA1A	NM_001127221.1	CACNA1A	HGNC:1388
CACNA1F	NM_005183.2	CACNA1F	HGNC:1393
CACNA1S	NM_000069.2	CACNA1S	HGNC:1397
CACNA2D2	NM_006030.2	CACNA2D2	HGNC:1400
CACNA2D4	NM_172364.4	CACNA2D4	HGNC:20202
CAMTA1	NM_015215.3	CAMTA1	HGNC:18806
CAPN3	NM_000070.2	CAPN3	HGNC:1480
CARS2	NM_024537.2	CARS2	HGNC:25695
CASK	NM_003688.3	CASK	HGNC:1497
CASQ2	NM_001232.3	CASQ2	HGNC:1513
CASR	NM_000388.3	CASR	HGNC:1514
CBS	NM_000071.2	CBS	HGNC:1550
CC2D1A	NM_017721.4	CC2D1A	HGNC:30237
CC2D2A	NM_001080522.2	CC2D2A	HGNC:29253
CCDC39	NM_181426.1	CCDC39	HGNC:25244
CCM2	NM_031443.3	CCM2	HGNC:21708
CD36	NM_001001547.2	CD36	HGNC:1663
CD40LG	NM_000074.2	CD40LG	HGNC:11935
CDAN1	NM_138477.2	CDAN1	HGNC:1713
CDC73	NM_024529.4	CDC73	HGNC:16783
CDH1	NM_004360.3	CDH1	HGNC:1748
CDH23	NM_022124.5	CDH23	HGNC:13733
CDK10	NM_052988.4	CDK10	HGNC:1770
CDK13	NM_003718.4	CDK13	HGNC:1733
CDKL5	NM_003159.2	CDKL5	HGNC:11411
CDKN2A	NM_000077.4	CDKN2A	HGNC:1787
CDT1	NM_030928.3	CDT1	HGNC:24576
CECR1	NM_001282225.1	ADA2	HGNC:1839
CENPF	NM_016343.3	CENPF	HGNC:1857
CENPJ	NM_018451.3	CENPJ	HGNC:17272
CEP104	NM_014704.3	CEP104	HGNC:24866
CEP120	NM_153223.3	CEP120	HGNC:26690
CEP135	NM_025009.4	CEP135	HGNC:29086
CEP290	NM_025114.3	CEP290	HGNC:29021
CEP41	NM_018718.2	CEP41	HGNC:12370
CEP83	NM_016122.2	CEP83	HGNC:17966
CERKL	NM_201548.4	CERKL	HGNC:21699
CFI	NM_000204.3	CFI	HGNC:5394
CFTR	NM_000492.3	CFTR	HGNC:1884
CHD2	NM_001271.3	CHD2	HGNC:1917
CHD3	NM_001005271.2	CHD3	HGNC:1918
CHD7	NM_017780.2	CHD7	HGNC:20626
CHD8	NM_001170629.1	CHD8	HGNC:20153
CHEK2	NM_007194.3	CHEK2	HGNC:16627
CHM	NM_000390.2	CHM	HGNC:1940
CHRNE	NM_000080.3	CHRNE	HGNC:1966
CHRNG	NM_005199.4	CHRNG	HGNC:1967
CIC	NM_015125.3	CIC	HGNC:14214
CLCN1	NM_000083.2	CLCN1	HGNC:2019
CLCN2	NM_004366.4	CLCN2	HGNC:2020
CLCN7	NM_001287.5	CLCN7	HGNC:2025
CLCNKB	NM_000085.4	CLCNKB	HGNC:2027
CLDN19	NM_148960.2	CLDN19	HGNC:2040
CLN6	NM_017882.2	CLN6	HGNC:2077
CLTC	NM_001288653.1	CLTC	HGNC:2092
CNGA3	NM_001298.2	CNGA3	HGNC:2150
CNGB1	NM_001297.4	CNGB1	HGNC:2151
CNGB3	NM_019098.4	CNGB3	HGNC:2153
CNKSR2	NM_014927.3	CNKSR2	HGNC:19701
CNOT1	NM_001265612.1	CNOT1	HGNC:7877
CNOT3	NM_014516.3	CNOT3	HGNC:7879
CNTNAP1	NM_003632.2	CNTNAP1	HGNC:8011
CNTNAP2	NM_014141.5	CNTNAP2	HGNC:13830
COG5	NM_006348.3	COG5	HGNC:14857
COL11A1	NM_001854.3	COL11A1	HGNC:2186
COL11A2	NM_080680.2	COL11A2	HGNC:2187
COL12A1	NM_004370.5	COL12A1	HGNC:2188
COL13A1	NM_001130103.1	COL13A1	HGNC:2190
COL17A1	NM_000494.3	COL17A1	HGNC:2194
COL1A1	NM_000088.3	COL1A1	HGNC:2197
COL1A2	NM_000089.3	COL1A2	HGNC:2198
COL2A1	NM_001844.4	COL2A1	HGNC:2200
COL3A1	NM_000090.3	COL3A1	HGNC:2201
COL4A1	NM_001845.4	COL4A1	HGNC:2202
COL4A3	NM_000091.4	COL4A3	HGNC:2204
COL4A4	NM_000092.4	COL4A4	HGNC:2206
COL4A5	NM_033380.1	COL4A5	HGNC:2207
COL5A1	NM_000093.3	COL5A1	HGNC:2209
COL6A1	NM_001848.2	COL6A1	HGNC:2211
COL6A2	NM_001849.3	COL6A2	HGNC:2212
COL6A3	NM_004369.3	COL6A3	HGNC:2213
COL7A1	NM_000094.3	COL7A1	HGNC:2214
COL9A1	NM_001851.4	COL9A1	HGNC:2217
COL9A2	NM_001852.3	COL9A2	HGNC:2218
COLQ	NM_005677.3	COLQ	HGNC:2226
COQ2	NM_015697.7	COQ2	HGNC:25223
COQ4	NM_016035.3	COQ4	HGNC:19693
COQ6	NM_182476.2	COQ6	HGNC:20233
COQ8B	NM_024876.3	COQ8B	HGNC:19041
COX15	NM_004376.5	COX15	HGNC:2263
CP	NM_000096.3	CP	HGNC:2295
CPLANE1	NM_023073.3	CPLANE1	HGNC:25801
CPS1	NM_001122633.2	CPS1	HGNC:2323
CPT1A	NM_001876.3	CPT1A	HGNC:2328
CR2	NM_001006658.2	CR2	HGNC:2336
CRBN	NM_016302.2	CRBN	HGNC:30185
CREBBP	NM_004380.2	CREBBP	HGNC:2348
CRTAP	NM_006371.4	CRTAP	HGNC:2379
CSF1R	NM_005211.3	CSF1R	HGNC:2433
CSNK2B	NM_001320.6	CSNK2B	HGNC:2460
CSPP1	NM_024790.6	CSPP1	HGNC:26193
CSTB	NM_000100.2	CSTB	HGNC:2482
CTCF	NM_006565.3	CTCF	HGNC:13723
CTNNA1	NM_001903.3	CTNNA1	HGNC:2509
CTNNB1	NM_001904.3	CTNNB1	HGNC:2514
CTSA	NM_000308.2	CTSA	HGNC:9251
CTSC	NM_001814.4	CTSC	HGNC:2528
CTSF	NM_003793.3	CTSF	HGNC:2531
CTU2	NM_001012759.2	CTU2	HGNC:28005
CUBN	NM_001081.3	CUBN	HGNC:2548
CUL3	NM_003590.4	CUL3	HGNC:2553
CUL4B	NM_003588.3	CUL4B	HGNC:2555
CUL7	NM_014780.4	CUL7	HGNC:21024
CWF19L1	NM_018294.5	CWF19L1	HGNC:25613
CYBB	NM_000397.3	CYBB	HGNC:2578
CYP11B2	NM_000498.3	CYP11B2	HGNC:2592
CYP19A1	NM_031226.2	CYP19A1	HGNC:2594
CYP24A1	NM_000782.4	CYP24A1	HGNC:2602
CYP27A1	NM_000784.3	CYP27A1	HGNC:2605
DARS2	NM_018122.4	DARS2	HGNC:25538
DBH	NM_000787.3	DBH	HGNC:2689
DCC	NM_005215.3	DCC	HGNC:2701
DCDC2	NM_016356.4	DCDC2	HGNC:18141
DCLRE1C	NM_001033855.1	DCLRE1C	HGNC:17642
DCX	NM_178153.1	DCX	HGNC:2714
DDC	NM_000790.3	DDC	HGNC:2719
DDX11	NM_030653.3	DDX11	HGNC:2736
DDX3X	NM_001193416.1	DDX3X	HGNC:2745
DDX41	NM_016222.2	DDX41	HGNC:18674
DEAF1	NM_021008.2	DEAF1	HGNC:14677
DEGS1	NM_003676.3	DEGS1	HGNC:13709
DENND5A	NM_015213.3	DENND5A	HGNC:19344
DEPDC5	NM_001242896.1	DEPDC5	HGNC:18423
DES	NM_001927.3	DES	HGNC:2770
DGUOK	NM_080916.1	DGUOK	HGNC:2858
DHCR7	NM_001360.2	DHCR7	HGNC:2860
DHPS	NM_001930.3	DHPS	HGNC:2869
DIAPH1	NM_005219.4	DIAPH1	HGNC:2876
DICER1	NM_177438.2	DICER1	HGNC:17098
DLAT	NM_001931.4	DLAT	HGNC:2896
DLG3	NM_021120.2	DLG3	HGNC:2902
DLG4	NM_001365.3	DLG4	HGNC:2903
DLL1	NM_005618.3	DLL1	HGNC:2908
DMD	NM_004006.2	DMD	HGNC:2928
DMP1	NM_004407.3	DMP1	HGNC:2932
DNAAF1	NM_178452.4	DNAAF1	HGNC:30539
DNAH11	NM_001277115.1	DNAH11	HGNC:2942
DNAH5	NM_001369.2	DNAH5	HGNC:2950
DNAH9	NM_001372.3	DNAH9	HGNC:2953
DNAI1	NM_012144.3	DNAI1	HGNC:2954
DNAJB2	NM_001039550.1	DNAJB2	HGNC:5228
DNAJC21	NM_001012339.2	DNAJC21	HGNC:27030
DNAJC3	NM_006260.4	DNAJC3	HGNC:9439
DNMT3A	NM_175629.2	DNMT3A	HGNC:2978
DOCK6	NM_020812.3	DOCK6	HGNC:19189
DOCK8	NM_001193536.1	DOCK8	HGNC:19191
DPAGT1	NM_001382.3	DPAGT1	HGNC:2995
DPF2	NM_006268.4	DPF2	HGNC:9964
DPM1	NM_003859.1	DPM1	HGNC:3005
DPP6	NM_001039350.2	DPP6	HGNC:3010
DPYD	NM_000110.3	DPYD	HGNC:3012
DSC2	NM_024422.3	DSC2	HGNC:3036
DSE	NM_013352.2	DSE	HGNC:21144
DSG2	NM_001943.3	DSG2	HGNC:3049
DSP	NM_004415.2	DSP	HGNC:3052
DSPP	NM_014208.3	DSPP	HGNC:3054
DTNBP1	NM_032122.4	DTNBP1	HGNC:17328
DUOX2	NM_014080.4	DUOX2	HGNC:13273
DUOXA2	NM_207581.3	DUOXA2	HGNC:32698
DYNC2H1	NM_001080463.1	DYNC2H1	HGNC:2962
DYRK1A	NM_001396.3	DYRK1A	HGNC:3091
DYSF	NM_003494.3	DYSF	HGNC:3097
EARS2	NM_001083614.1	EARS2	HGNC:29419
EBF3	NM_001005463.2	EBF3	HGNC:19087
EBP	NM_006579.2	EBP	HGNC:3133
ECEL1	NM_004826.2	ECEL1	HGNC:3147
EDA	NM_001399.4	EDA	HGNC:3157
EDAR	NM_022336.3	EDAR	HGNC:2895
EFEMP1	NM_001039348.2	EFEMP1	HGNC:3218
EFTUD2	NM_004247.3	EFTUD2	HGNC:30858
EHMT1	NM_024757.4	EHMT1	HGNC:24650
EIF2AK4	NM_001013703.3	EIF2AK4	HGNC:19687
EIF2B2	NM_014239.3	EIF2B2	HGNC:3258
ELAC2	NM_018127.6	ELAC2	HGNC:14198
ELN	NM_000501.2	ELN	HGNC:3327
ELP1	NM_003640.3	ELP1	HGNC:5959
EMD	NM_000117.2	EMD	HGNC:3331
EML1	NM_004434.2	EML1	HGNC:3330
ENG	NM_000118.2	ENG	HGNC:3349
ENPP1	NM_006208.2	ENPP1	HGNC:3356
EP300	NM_001429.3	EP300	HGNC:3373
EPB42	NM_000119.2	EPB42	HGNC:3381
EPG5	NM_020964.2	EPG5	HGNC:29331
EPHB4	NM_004444.4	EPHB4	HGNC:3395
ERCC1	NM_202001.2	ERCC1	HGNC:3433
ERCC2	NM_000400.3	ERCC2	HGNC:3434
ERCC6	NM_000124.2	ERCC6	HGNC:3438
ERF	NM_006494.2	ERF	HGNC:3444
ETFA	NM_000126.3	ETFA	HGNC:3481
ETFDH	NM_004453.2	ETFDH	HGNC:3483
ETHE1	NM_014297.3	ETHE1	HGNC:23287
ETV6	NM_001987.4	ETV6	HGNC:3495
EVC	NM_153717.2	EVC	HGNC:3497
EVC2	NM_147127.4	EVC2	HGNC:19747
EXT1	NM_000127.2	EXT1	HGNC:3512
EXT2	NM_207122.1	EXT2	HGNC:3513
EYA1	NM_000503.4	EYA1	HGNC:3519
EYA4	NM_004100.4	EYA4	HGNC:3522
EYS	FM209056.1	EYS	HGNC:21555
F12	NM_000505.3	F12	HGNC:3530
F13A1	NM_000129.3	F13A1	HGNC:3531
F7	NM_000131.4	F7	HGNC:3544
FA2H	NM_024306.4	FA2H	HGNC:21197
FAH	NM_000137.2	FAH	HGNC:3579
FANCA	NM_000135.2	FANCA	HGNC:3582
FANCC	NM_000136.2	FANCC	HGNC:3584
FANCD2	NM_033084.3	FANCD2	HGNC:3585
FANCG	NM_004629.1	FANCG	HGNC:3588
FANCI	NM_001113378.1	FANCI	HGNC:25568
FANCL	NM_018062.3	FANCL	HGNC:20748
FANCM	NM_020937.2	FANCM	HGNC:23168
FARS2	NM_006567.3	FARS2	HGNC:21062
FARSB	NM_005687.3	FARSB	HGNC:17800
FASTKD2	NM_014929.3	FASTKD2	HGNC:29160
FAT4	NM_024582.4	FAT4	HGNC:23109
FBN1	NM_000138.4	FBN1	HGNC:3603
FBP1	NM_000507.3	FBP1	HGNC:3606
FBXO11	NM_001190274.1	FBXO11	HGNC:13590
FERMT1	NM_017671.4	FERMT1	HGNC:15889
FGF10	NM_004465.1	FGF10	HGNC:3666
FGF14	NM_004115.3	FGF14	HGNC:3671
FGFR1	NM_023110.2	FGFR1	HGNC:3688
FH	NM_000143.3	FH	HGNC:3700
FIG4	NM_014845.5	FIG4	HGNC:16873
FKBP10	NM_021939.3	FKBP10	HGNC:18169
FKTN	NM_001079802.1	FKTN	HGNC:3622
FLCN	NM_144997.5	FLCN	HGNC:27310
FLNA	NM_001456.3	FLNA	HGNC:3754
FLNB	NM_001457.3	FLNB	HGNC:3755
FLNC	NM_001458.4	FLNC	HGNC:3756
FOLR1	NM_016725.2	FOLR1	HGNC:3791
FOXP1	NM_032682.5	FOXP1	HGNC:3823
FOXP2	NM_014491.3	FOXP2	HGNC:13875
FOXRED1	NM_017547.3	FOXRED1	HGNC:26927
FRAS1	NM_025074.6	FRAS1	HGNC:19185
FREM1	NM_144966.5	FREM1	HGNC:23399
FRMD7	NM_194277.2	FRMD7	HGNC:8079
FRRS1L	NM_014334.2	FRRS1L	HGNC:1362
FYCO1	NM_024513.3	FYCO1	HGNC:14673
FZD4	NM_012193.3	FZD4	HGNC:4042
GAA	NM_000152.3	GAA	HGNC:4065
GABRB3	NM_000814.5	GABRB3	HGNC:4083
GALC	NM_000153.3	GALC	HGNC:4115
GALNT3	NM_004482.3	GALNT3	HGNC:4125
GALT	NM_000155.2	GALT	HGNC:4135
GAN	NM_022041.3	GAN	HGNC:4137
GARS	NM_002047.2	GARS1	HGNC:4162
GAS8	NM_001481.2	GAS8	HGNC:4166
GATA3	NM_001002295.1	GATA3	HGNC:4172
GATA4	NM_002052.3	GATA4	HGNC:4173
GATAD2B	NM_020699.2	GATAD2B	HGNC:30778
GATM	NM_001482.2	GATM	HGNC:4175
GBA	NM_001005741.2	GBA1	HGNC:4177
GBA2	NM_020944.2	GBA2	HGNC:18986
GBE1	NM_000158.3	GBE1	HGNC:4180
GCDH	NM_000159.2	GCDH	HGNC:4189
GCH1	NM_000161.2	GCH1	HGNC:4193
GCK	NM_000162.3	GCK	HGNC:4195
GH1	NM_000515.3	GH1	HGNC:4261
GHR	NM_000163.4	GHR	HGNC:4263
GHRHR	NM_000823.3	GHRHR	HGNC:4266
GIPC3	NM_133261.2	GIPC3	HGNC:18183
GJB2	NM_004004.5	GJB2	HGNC:4284
GK	NM_000167.4	GK	HGNC:4289
GLA	NM_000169.2	GLA	HGNC:4296
GLB1	NM_000404.2	GLB1	HGNC:4298
GLDC	NM_000170.2	GLDC	HGNC:4313
GLDN	NM_181789.2	GLDN	HGNC:29514
GLE1	NM_001003722.1	GLE1	HGNC:4315
GLI2	NM_005270.4	GLI2	HGNC:4318
GLI3	NM_000168.5	GLI3	HGNC:4319
GLRA1	NM_000171.3	GLRA1	HGNC:4326
GM2A	NM_000405.4	GM2A	HGNC:4367
GMPPB	NM_013334.3	GMPPB	HGNC:22932
GNAS	NM_000516.4	GNAS	HGNC:4392
GNB1	NM_002074.4	GNB1	HGNC:4396
GNPAT	NM_014236.3	GNPAT	HGNC:4416
GNPTAB	NM_024312.4	GNPTAB	HGNC:29670
GOSR2	NM_004287.3	GOSR2	HGNC:4431
GPAA1	NM_003801.3	GPAA1	HGNC:4446
GPHN	NM_020806.4	GPHN	HGNC:15465
GPSM2	NM_013296.4	GPSM2	HGNC:29501
GRIN2A	NM_000833.3	GRIN2A	HGNC:4585
GRIN2B	NM_000834.3	GRIN2B	HGNC:4586
GRM6	NM_000843.3	GRM6	HGNC:4598
GRN	NM_002087.2	GRN	HGNC:4601
GRXCR1	NM_001080476.2	GRXCR1	HGNC:31673
GTPBP3	NM_133644.3	GTPBP3	HGNC:14880
GUCY2D	NM_000180.3	GUCY2D	HGNC:4689
GYS2	NM_021957.3	GYS2	HGNC:4707
HAAO	NM_012205.2	HAAO	HGNC:4796
HACE1	NM_020771.3	HACE1	HGNC:21033
HADHA	NM_000182.4	HADHA	HGNC:4801
HADHB	NM_000183.2	HADHB	HGNC:4803
HARS2	NM_012208.2	HARS2	HGNC:4817
HBB	NM_000518.4	HBB	HGNC:4827
HCCS	NM_005333.3	HCCS	HGNC:4837
HDAC8	NM_018486.2	HDAC8	HGNC:13315
HEPACAM	NM_152722.4	HEPACAM	HGNC:26361
HERC1	NM_003922.3	HERC1	HGNC:4867
HERC2	NM_004667.5	HERC2	HGNC:4868
HESX1	NM_003865.2	HESX1	HGNC:4877
HEXA	NM_000520.4	HEXA	HGNC:4878
HEXB	NM_000521.3	HEXB	HGNC:4879
HGSNAT	NM_152419.2	HGSNAT	HGNC:26527
HIVEP2	NM_006734.3	HIVEP2	HGNC:4921
HMGCL	NM_000191.2	HMGCL	HGNC:5005
HNF1A	NM_000545.5	HNF1A	HGNC:11621
HNF1B	NM_000458.2	HNF1B	HGNC:11630
HNF4A	NM_175914.3	HNF4A	HGNC:5024
HNRNPK	NM_002140.3	HNRNPK	HGNC:5044
HNRNPR	NM_001102398.2	HNRNPR	HGNC:5047
HNRNPU	NM_031844.2	HNRNPU	HGNC:5048
HPRT1	NM_000194.2	HPRT1	HGNC:5157
HPS4	NM_022081.5	HPS4	HGNC:15844
HPS5	NM_181507.1	HPS5	HGNC:17022
HSD17B3	NM_000197.1	HSD17B3	HGNC:5212
HSD17B4	NM_000414.3	HSD17B4	HGNC:5213
HSPG2	NM_005529.5	HSPG2	HGNC:5273
HTRA1	NM_002775.4	HTRA1	HGNC:9476
IDS	NM_000202.4	IDS	HGNC:5389
IDUA	NM_000203.3	IDUA	HGNC:5391
IFT140	NM_014714.3	IFT140	HGNC:29077
IFT172	NM_015662.2	IFT172	HGNC:30391
IGF1R	NM_000875.3	IGF1R	HGNC:5465
IGHMBP2	NM_002180.2	IGHMBP2	HGNC:5542
IKBKG	NM_003639.3	IKBKG	HGNC:5961
IL10RB	NM_000628.4	IL10RB	HGNC:5965
IL1RAPL1	NM_014271.3	IL1RAPL1	HGNC:5996
IL2RG	NM_000206.2	IL2RG	HGNC:6010
ILDR1	NM_001199799.1	ILDR1	HGNC:28741
INPPL1	NM_001567.3	INPPL1	HGNC:6080
INSR	NM_000208.2	INSR	HGNC:6091
INTS1	NM_001080453.2	INTS1	HGNC:24555
IQSEC2	NM_001111125.1	IQSEC2	HGNC:29059
IRF6	NM_006147.3	IRF6	HGNC:6121
ISPD	NM_001101426.3	CRPPA	HGNC:37276
ITCH	NM_031483.5	ITCH	HGNC:13890
ITGA2B	NM_000419.3	ITGA2B	HGNC:6138
ITGA7	NM_002206.2	ITGA7	HGNC:6143
ITGB4	NM_000213.3	ITGB4	HGNC:6158
ITPA	NM_033453.3	ITPA	HGNC:6176
ITPR1	NM_002222.5	ITPR1	HGNC:6180
IVD	NM_002225.3	IVD	HGNC:6186
JAG1	NM_000214.2	JAG1	HGNC:6188
KANSL1	NM_001193466.1	KANSL1	HGNC:24565
KAT6A	NM_006766.3	KAT6A	HGNC:13013
KAT6B	NM_012330.3	KAT6B	HGNC:17582
KCNH2	NM_000238.2	KCNH2	HGNC:6251
KCNMA1	NM_002247.3	KCNMA1	HGNC:6284
KCNQ1	NM_000218.2	KCNQ1	HGNC:6294
KCNQ2	NM_172107.2	KCNQ2	HGNC:6296
KDM3B	NM_016604.3	KDM3B	HGNC:1337
KDM5B	NM_006618.3	KDM5B	HGNC:18039
KDM5C	NM_004187.2	KDM5C	HGNC:11114
KDM6A	NM_021140.2	KDM6A	HGNC:12637
KDM6B	NM_001080424.1	KDM6B	HGNC:29012
KIAA0586	NM_001244189.1	KIAA0586	HGNC:19960
KIAA1109	NM_015312.3	BLTP1	HGNC:26953
KIF11	NM_004523.3	KIF11	HGNC:6388
KIF1A	NM_001244008.1	KIF1A	HGNC:888
KIF5A	NM_004984.2	KIF5A	HGNC:6323
KIF7	NM_198525.2	KIF7	HGNC:30497
KLHL7	NM_001031710.2	KLHL7	HGNC:15646
KLKB1	NM_000892.3	KLKB1	HGNC:6371
KMT2A	NM_001197104.1	KMT2A	HGNC:7132
KMT2B	NM_014727.2	KMT2B	HGNC:15840
KMT2C	NM_170606.2	KMT2C	HGNC:13726
KMT2D	NM_003482.3	KMT2D	HGNC:7133
KMT2E	NM_182931.2	KMT2E	HGNC:18541
KPTN	NM_007059.3	KPTN	HGNC:6404
KRIT1	NM_194456.1	KRIT1	HGNC:1573
KRT10	NM_000421.3	KRT10	HGNC:6413
KRT5	NM_000424.3	KRT5	HGNC:6442
L1CAM	NM_000425.3	L1CAM	HGNC:6470
L2HGDH	NM_024884.2	L2HGDH	HGNC:20499
LAMA1	NM_005559.3	LAMA1	HGNC:6481
LAMA2	NM_000426.3	LAMA2	HGNC:6482
LAMA3	NM_000227.3	LAMA3	HGNC:6483
LAMB1	NM_002291.2	LAMB1	HGNC:6486
LAMB3	NM_000228.2	LAMB3	HGNC:6490
LAMC3	NM_006059.3	LAMC3	HGNC:6494
LAMP2	NM_002294.2	LAMP2	HGNC:6501
LARP7	NM_016648.3	LARP7	HGNC:24912
LARS2	NM_015340.3	LARS2	HGNC:17095
LDLR	NM_000527.4	LDLR	HGNC:6547
LEMD3	NM_014319.4	LEMD3	HGNC:28887
LEPRE1	NM_022356.3	P3H1	HGNC:19316
LEPREL1	NM_018192.3	P3H2	HGNC:19317
LGI4	NM_139284.2	LGI4	HGNC:18712
LINS	NM_001040616.2	LINS1	HGNC:30922
LIPA	NM_000235.2	LIPA	HGNC:6617
LMNA	NM_170707.2	LMNA	HGNC:6636
LMX1B	NM_002316.3	LMX1B	HGNC:6654
LONP1	NM_004793.3	LONP1	HGNC:9479
LOXHD1	NM_144612.6	LOXHD1	HGNC:26521
LPIN2	NM_014646.2	LPIN2	HGNC:14450
LRBA	NM_006726.4	LRBA	HGNC:1742
LRP2	NM_004525.2	LRP2	HGNC:6694
LRP5	NM_002335.2	LRP5	HGNC:6697
LRP6	NM_002336.2	LRP6	HGNC:6698
LRPPRC	NM_133259.3	LRPPRC	HGNC:15714
LSS	NM_001001438.2	LSS	HGNC:6708
LTBP4	NM_003573.2	LTBP4	HGNC:6717
LZTR1	NM_006767.3	LZTR1	HGNC:6742
MAK	NM_001242957.1	MAK	HGNC:6816
MAN2B1	NM_000528.3	MAN2B1	HGNC:6826
MAOA	NM_000240.2	MAOA	HGNC:6833
MARVELD2	NM_001038603.2	MARVELD2	HGNC:26401
MASP1	NM_139125.3	MASP1	HGNC:6901
MBD5	NM_018328.4	MBD5	HGNC:20444
MCCC1	NM_020166.3	MCCC1	HGNC:6936
MCM3AP	NM_003906.4	MCM3AP	HGNC:6946
MCOLN1	NM_020533.2	MCOLN1	HGNC:13356
MCPH1	NM_024596.3	MCPH1	HGNC:6954
MECP2	NM_001110792.1	MECP2	HGNC:6990
MECR	NM_016011.2	MECR	HGNC:19691
MED12	NM_005120.2	MED12	HGNC:11957
MED12L	NM_053002.4	MED12L	HGNC:16050
MED13L	NM_015335.4	MED13L	HGNC:22962
MED17	NM_004268.4	MED17	HGNC:2375
MED23	NM_015979.3	MED23	HGNC:2372
MEF2C	NM_002397.3	MEF2C	HGNC:6996
MEGF10	NM_032446.2	MEGF10	HGNC:29634
MEN1	NM_130799.2	MEN1	HGNC:7010
MERTK	NM_006343.2	MERTK	HGNC:7027
MFRP	NM_031433.3	MFRP	HGNC:18121
MFSD8	NM_152778.2	MFSD8	HGNC:28486
MICU1	NM_006077.3	MICU1	HGNC:1530
MIPEP	NM_005932.3	MIPEP	HGNC:7104
MITF	NM_000248.3	MITF	HGNC:7105
MKS1	NM_017777.3	MKS1	HGNC:7121
MLC1	NM_015166.3	MLC1	HGNC:17082
MLH1	NM_000249.3	MLH1	HGNC:7127
MMACHC	NM_015506.2	MMACHC	HGNC:24525
MME	NM_007289.2	MME	HGNC:7154
MOCS2	NM_176806.2	MOCS2	HGNC:7193
MPDZ	NM_003829.4	MPDZ	HGNC:7208
MPI	NM_002435.1	MPI	HGNC:7216
MPL	NM_005373.2	MPL	HGNC:7217
MPO	NM_000250.1	MPO	HGNC:7218
MPV17	NM_002437.4	MPV17	HGNC:7224
MPZL2	NM_005797.3	MPZL2	HGNC:3496
MRE11	NM_005591.3	MRE11	HGNC:7230
MRPL3	NM_007208.3	MRPL3	HGNC:10379
MRPS22	NM_020191.2	MRPS22	HGNC:14508
MSH2	NM_000251.2	MSH2	HGNC:7325
MSH6	NM_000179.2	MSH6	HGNC:7329
MSTO1	NM_018116.3	MSTO1	HGNC:29678
MTFMT	NM_139242.3	MTFMT	HGNC:29666
MTHFD1	NM_005956.3	MTHFD1	HGNC:7432
MTHFR	NM_005957.4	MTHFR	HGNC:7436
MTMR2	NM_016156.5	MTMR2	HGNC:7450
MTR	NM_000254.2	MTR	HGNC:7468
MTTP	NM_000253.2	MTTP	HGNC:7467
MUSK	NM_005592.3	MUSK	HGNC:7525
MUT	NM_000255.3	MMUT	HGNC:7526
MUTYH	NM_001048171.1	MUTYH	HGNC:7527
MYBPC3	NM_000256.3	MYBPC3	HGNC:7551
MYH11	NM_002474.2	MYH11	HGNC:7569
MYH14	NM_024729.3	MYH14	HGNC:23212
MYH2	NM_017534.5	MYH2	HGNC:7572
MYO15A	NM_016239.3	MYO15A	HGNC:7594
MYO18B	NM_032608.5	MYO18B	HGNC:18150
MYO3A	NM_017433.4	MYO3A	HGNC:7601
MYO6	NM_004999.3	MYO6	HGNC:7605
MYO7A	NM_000260.3	MYO7A	HGNC:7606
MYRF	NM_001127392.2	MYRF	HGNC:1181
MYSM1	NM_001085487.2	MYSM1	HGNC:29401
MYT1L	NM_015025.2	MYT1L	HGNC:7623
NAA15	NM_057175.3	NAA15	HGNC:30782
NAGLU	NM_000263.3	NAGLU	HGNC:7632
NALCN	NM_052867.2	NALCN	HGNC:19082
NARS2	NM_024678.5	NARS2	HGNC:26274
NBN	NM_002485.4	NBN	HGNC:7652
NCKAP1	NM_205842.2	NCKAP1	HGNC:7666
NDUFB11	NM_019056.6	NDUFB11	HGNC:20372
NDUFB3	NM_002491.2	NDUFB3	HGNC:7698
NDUFS1	NM_005006.5	NDUFS1	HGNC:7707
NDUFS2	NM_004550.4	NDUFS2	HGNC:7708
NDUFS6	NM_004553.3	NDUFS6	HGNC:7713
NEB	NM_001271208.1	NEB	HGNC:7720
NEFL	NM_006158.3	NEFL	HGNC:7739
NEK1	NM_012224.2	NEK1	HGNC:7744
NEXMIF	NM_001008537.1	NEXMIF	HGNC:29433
NF1	NM_000267.3	NF1	HGNC:7765
NF2	NM_000268.3	NF2	HGNC:7773
NFIA	NM_005595.4	NFIA	HGNC:7784
NFIB	NM_001190737.1	NFIB	HGNC:7785
NFIX	NM_001271043.2	NFIX	HGNC:7788
NFKB1	NM_003998.3	NFKB1	HGNC:7794
NGLY1	NM_018297.3	NGLY1	HGNC:17646
NIPBL	NM_133433.3	NIPBL	HGNC:28862
NLGN4X	NM_020742.2	NLGN4X	HGNC:14287
NONO	NM_001145408.1	NONO	HGNC:7871
NOTCH1	NM_017617.3	NOTCH1	HGNC:7881
NOTCH2	NM_024408.3	NOTCH2	HGNC:7882
NPC2	NM_006432.3	NPC2	HGNC:14537
NPHP1	NM_000272.3	NPHP1	HGNC:7905
NPHP4	NM_015102.3	NPHP4	HGNC:19104
NPHS1	NM_004646.3	NPHS1	HGNC:7908
NPRL3	NM_001077350.2	NPRL3	HGNC:14124
NR2E3	NM_014249.2	NR2E3	HGNC:7974
NR4A2	NM_006186.3	NR4A2	HGNC:7981
NRXN1	NM_001135659.1	NRXN1	HGNC:8008
NSD1	NM_022455.4	NSD1	HGNC:14234
NSUN2	NM_017755.5	NSUN2	HGNC:25994
NT5C2	NM_012229.4	NT5C2	HGNC:8022
NTHL1	NM_002528.5	NTHL1	HGNC:8028
NTRK1	NM_001012331.1	NTRK1	HGNC:8031
NUBPL	NM_025152.2	NUBPL	HGNC:20278
NUS1	NM_138459.3	NUS1	HGNC:21042
OCA2	NM_000275.2	OCA2	HGNC:8101
OCLN	NM_002538.3	OCLN	HGNC:8104
OCRL	NM_000276.3	OCRL	HGNC:8108
OFD1	NM_003611.2	OFD1	HGNC:2567
OPA1	NM_015560.2	OPA1	HGNC:8140
OPHN1	NM_002547.2	OPHN1	HGNC:8148
OPLAH	NM_017570.4	OPLAH	HGNC:8149
OPTN	NM_021980.4	OPTN	HGNC:17142
OTOA	NM_144672.3	OTOA	HGNC:16378
OTOG	NM_001277269.1	OTOG	HGNC:8516
OTOGL	NM_173591.3	OTOGL	HGNC:26901
OTUD6B	NM_016023.3	OTUD6B	HGNC:24281
PAFAH1B1	NM_000430.3	PAFAH1B1	HGNC:8574
PAH	NM_000277.1	PAH	HGNC:8582
PAK3	NM_002578.3	PAK3	HGNC:8592
PALB2	NM_024675.3	PALB2	HGNC:26144
PANK2	NM_153638.2	PANK2	HGNC:15894
PAX3	NM_181457.3	PAX3	HGNC:8617
PAX6	NM_000280.3	PAX6	HGNC:8620
PBX1	NM_002585.3	PBX1	HGNC:8632
PCCA	NM_000282.3	PCCA	HGNC:8653
PCK1	NM_002591.3	PCK1	HGNC:8724
PCNT	NM_006031.5	PCNT	HGNC:16068
PDCD10	NM_145860.1	PDCD10	HGNC:8761
PDE6A	NM_000440.2	PDE6A	HGNC:8785
PDE6B	NM_000283.3	PDE6B	HGNC:8786
PDE6C	NM_006204.3	PDE6C	HGNC:8787
PDGFB	NM_002608.2	PDGFB	HGNC:8800
PDHA1	NM_000284.3	PDHA1	HGNC:8806
PEPD	NM_000285.3	PEPD	HGNC:8840
PET100	NM_001171155.1	PET100	HGNC:40038
PEX1	NM_000466.2	PEX1	HGNC:8850
PEX12	NM_000286.2	PEX12	HGNC:8854
PEX19	NM_002857.3	PEX19	HGNC:9713
PEX5	NM_001131025.1	PEX5	HGNC:9719
PEX7	NM_000288.3	PEX7	HGNC:8860
PFKM	NM_000289.5	PFKM	HGNC:8877
PGAP1	NM_024989.3	PGAP1	HGNC:25712
PHEX	NM_000444.4	PHEX	HGNC:8918
PHF21A	NM_016621.3	PHF21A	HGNC:24156
PHF6	NM_032458.2	PHF6	HGNC:18145
PHF8	NM_015107.2	PHF8	HGNC:20672
PHIP	NM_017934.5	PHIP	HGNC:15673
PHKA1	NM_002637.3	PHKA1	HGNC:8925
PHKA2	NM_000292.2	PHKA2	HGNC:8926
PHOX2B	NM_003924.3	PHOX2B	HGNC:9143
PHYH	NM_006214.3	PHYH	HGNC:8940
PIEZO2	NM_022068.2	PIEZO2	HGNC:26270
PIGL	NM_004278.3	PIGL	HGNC:8966
PIGN	NM_176787.4	PIGN	HGNC:8967
PIGQ	NM_004204.3	PIGQ	HGNC:14135
PIGT	NM_015937.5	PIGT	HGNC:14938
PIK3R1	NM_181523.2	PIK3R1	HGNC:8979
PINK1	NM_032409.2	PINK1	HGNC:14581
PKD1	NM_001009944.2	PKD1	HGNC:9008
PKD2	NM_000297.3	PKD2	HGNC:9009
PKHD1	NM_138694.3	PKHD1	HGNC:9016
PKLR	NM_000298.5	PKLR	HGNC:9020
PKP2	NM_004572.3	PKP2	HGNC:9024
PLA2G6	NM_003560.2	PLA2G6	HGNC:9039
PLCB1	NM_015192.2	PLCB1	HGNC:15917
PLEC	NM_000445.3	PLEC	HGNC:9069
PLEKHG5	NM_020631.4	PLEKHG5	HGNC:29105
PLOD1	NM_000302.3	PLOD1	HGNC:9081
PLOD3	NM_001084.4	PLOD3	HGNC:9083
PLP1	NM_000533.3	PLP1	HGNC:9086
PLS3	NM_005032.6	PLS3	HGNC:9091
PMM2	NM_000303.2	PMM2	HGNC:9115
PMS2	NM_000535.5	PMS2	HGNC:9122
PNKP	NM_007254.2	PNKP	HGNC:9154
PNPLA6	NM_006702.4	PNPLA6	HGNC:16268
PNPO	NM_018129.3	PNPO	HGNC:30260
PNPT1	NM_033109.4	PNPT1	HGNC:23166
POC1A	NM_015426.4	POC1A	HGNC:24488
POC1B	NM_172240.2	POC1B	HGNC:30836
POGZ	NM_015100.3	POGZ	HGNC:18801
POLE	NM_006231.2	POLE	HGNC:9177
POLG	NM_002693.2	POLG	HGNC:9179
POLR3A	NM_007055.3	POLR3A	HGNC:30074
POLR3B	NM_018082.5	POLR3B	HGNC:30348
POMGNT1	NM_017739.3	POMGNT1	HGNC:19139
POMT1	NM_007171.3	POMT1	HGNC:9202
POMT2	NM_013382.5	POMT2	HGNC:19743
POR	NM_000941.2	POR	HGNC:9208
POT1	NM_015450.2	POT1	HGNC:17284
POU1F1	NM_000306.2	POU1F1	HGNC:9210
PPA2	NM_176869.2	PPA2	HGNC:28883
PPIB	NM_000942.4	PPIB	HGNC:9255
PPP3CA	NM_000944.4	PPP3CA	HGNC:9314
PQBP1	NM_005710.2	PQBP1	HGNC:9330
PRCD	NM_001077620.2	PRCD	HGNC:32528
PRDM16	NM_022114.3	PRDM16	HGNC:14000
PRDM5	NM_018699.2	PRDM5	HGNC:9349
PRKAR1A	NM_002734.3	PRKAR1A	HGNC:9388
PRKDC	NM_006904.6	PRKDC	HGNC:9413
PRKN	NM_004562.2	PRKN	HGNC:8607
PRMT7	NM_019023.2	PRMT7	HGNC:25557
PROM1	NM_006017.2	PROM1	HGNC:9454
PROS1	NM_000313.3	PROS1	HGNC:9456
PRPF31	NM_015629.3	PRPF31	HGNC:15446
PRUNE	NM_021222.1	PRUNE1	HGNC:13420
PSAT1	NM_058179.2	PSAT1	HGNC:19129
PTCH1	NM_000264.3	PTCH1	HGNC:9585
PTCHD1	NM_173495.2	PTCHD1	HGNC:26392
PTEN	NM_000314.4	PTEN	HGNC:9588
PTPN11	NM_002834.3	PTPN11	HGNC:9644
PTPRQ	NM_001145026.1	PTPRQ	HGNC:9679
PUF60	NM_078480.2	PUF60	HGNC:17042
PUM1	NM_001020658.1	PUM1	HGNC:14957
PUS7	NM_019042.4	PUS7	HGNC:26033
PYCR1	NM_006907.2	PYCR1	HGNC:9721
PYGM	NM_005609.2	PYGM	HGNC:9726
QRICH1	NM_017730.3	QRICH1	HGNC:24713
RAB3GAP1	NM_012233.2	RAB3GAP1	HGNC:17063
RAB3GAP2	NM_012414.3	RAB3GAP2	HGNC:17168
RAD21	NM_006265.2	RAD21	HGNC:9811
RAD51C	NM_058216.1	RAD51C	HGNC:9820
RAD51D	NM_002878.3	RAD51D	HGNC:9823
RARS2	NM_020320.3	RARS2	HGNC:21406
RASA1	NM_002890.2	RASA1	HGNC:9871
RB1	NM_000321.2	RB1	HGNC:9884
RBM10	NM_005676.4	RBM10	HGNC:9896
RECQL	NM_002907.3	RECQL	HGNC:9948
RECQL4	NM_004260.3	RECQL4	HGNC:9949
REEP1	NM_022912.2	REEP1	HGNC:25786
RELN	NM_005045.3	RELN	HGNC:9957
RET	NM_020975.4	RET	HGNC:9967
RFT1	NM_052859.3	RFT1	HGNC:30220
RFX3	NM_134428.2	RFX3	HGNC:9984
RLBP1	NM_000326.4	RLBP1	HGNC:10024
RMND1	NM_017909.2	RMND1	HGNC:21176
RNASEH2B	NM_024570.3	RNASEH2B	HGNC:25671
RORA	NM_134261.2	RORA	HGNC:10258
RP1L1	NM_178857.5	RP1L1	HGNC:15946
RPE65	NM_000329.2	RPE65	HGNC:10294
RPGRIP1	NM_020366.3	RPGRIP1	HGNC:13436
RPL11	NM_000975.3	RPL11	HGNC:10301
RPL35A	NM_000996.2	RPL35A	HGNC:10345
RPS19	NM_001022.3	RPS19	HGNC:10402
RPS26	NM_001029.3	RPS26	HGNC:10414
RPS6KA3	NM_004586.2	RPS6KA3	HGNC:10432
RRM2B	NM_015713.4	RRM2B	HGNC:17296
RS1	NM_000330.3	RS1	HGNC:10457
RSPH1	NM_080860.3	RSPH1	HGNC:12371
RSPO4	NM_001029871.3	RSPO4	HGNC:16175
RTEL1	NM_032957.4	RTEL1	HGNC:15888
RTN4IP1	NM_032730.5	RTN4IP1	HGNC:18647
RUNX1	NM_001754.4	RUNX1	HGNC:10471
RUNX2	NM_001024630.3	RUNX2	HGNC:10472
RYR1	NM_000540.2	RYR1	HGNC:10483
SALL1	NM_002968.2	SALL1	HGNC:10524
SBDS	NM_016038.2	SBDS	HGNC:19440
SBF1	NM_002972.2	SBF1	HGNC:10542
SCARB2	NM_005506.3	SCARB2	HGNC:1665
SCN1A	NM_001165963.1	SCN1A	HGNC:10585
SCN1B	NM_001037.4	SCN1B	HGNC:10586
SCN2A	NM_021007.2	SCN2A	HGNC:10588
SCN5A	NM_198056.2	SCN5A	HGNC:10593
SCN8A	NM_014191.3	SCN8A	HGNC:10596
SCN9A	NM_002977.3	SCN9A	HGNC:10597
SCNN1A	NM_001038.5	SCNN1A	HGNC:10599
SCYL1	NM_020680.3	SCYL1	HGNC:14372
SDHA	NM_004168.2	SDHA	HGNC:10680
SDHAF2	NM_017841.2	SDHAF2	HGNC:26034
SDHB	NM_003000.2	SDHB	HGNC:10681
SDHD	NM_003002.2	SDHD	HGNC:10683
SEC24D	NM_014822.3	SEC24D	HGNC:10706
SELENON	NM_020451.2	SELENON	HGNC:15999
SERAC1	NM_032861.3	SERAC1	HGNC:21061
SERPINF1	NM_002615.5	SERPINF1	HGNC:8824
SERPING1	NM_000062.2	SERPING1	HGNC:1228
SET	NM_001122821.1	SET	HGNC:10760
SETBP1	NM_015559.2	SETBP1	HGNC:15573
SETD2	NM_014159.6	SETD2	HGNC:18420
SETD5	NM_001080517.1	SETD5	HGNC:25566
SETX	NM_015046.5	SETX	HGNC:445
SGCA	NM_000023.2	SGCA	HGNC:10805
SGCD	NM_000337.5	SGCD	HGNC:10807
SGCE	NM_003919.2	SGCE	HGNC:10808
SH3TC2	NM_024577.3	SH3TC2	HGNC:29427
SHANK1	NM_016148.2	SHANK1	HGNC:15474
SHANK3	NM_033517.1	SHANK3	HGNC:14294
SIL1	NM_022464.4	SIL1	HGNC:24624
SIN3A	NM_001145358.1	SIN3A	HGNC:19353
SKIV2L	NM_006929.4	SKIC2	HGNC:10898
SLC12A1	NM_000338.2	SLC12A1	HGNC:10910
SLC12A3	NM_000339.2	SLC12A3	HGNC:10912
SLC12A6	NM_133647.1	SLC12A6	HGNC:10914
SLC13A5	NM_177550.4	SLC13A5	HGNC:23089
SLC16A2	NM_006517.4	SLC16A2	HGNC:10923
SLC17A5	NM_012434.4	SLC17A5	HGNC:10933
SLC17A8	NM_139319.2	SLC17A8	HGNC:20151
SLC19A3	NM_025243.3	SLC19A3	HGNC:16266
SLC20A2	NM_006749.4	SLC20A2	HGNC:10947
SLC22A5	NM_003060.3	SLC22A5	HGNC:10969
SLC25A38	NM_017875.2	SLC25A38	HGNC:26054
SLC26A2	NM_000112.3	SLC26A2	HGNC:10994
SLC26A4	NM_000441.1	SLC26A4	HGNC:8818
SLC29A3	NM_018344.5	SLC29A3	HGNC:23096
SLC2A1	NM_006516.2	SLC2A1	HGNC:11005
SLC2A2	NM_000340.1	SLC2A2	HGNC:11006
SLC34A1	NM_003052.4	SLC34A1	HGNC:11019
SLC34A3	NM_080877.2	SLC34A3	HGNC:20305
SLC46A1	NM_080669.4	SLC46A1	HGNC:30521
SLC4A1	NM_000342.3	SLC4A1	HGNC:11027
SLC52A2	NM_024531.4	SLC52A2	HGNC:30224
SLC52A3	NM_033409.3	SLC52A3	HGNC:16187
SLC6A1	NM_003042.3	SLC6A1	HGNC:11042
SLC6A19	NM_001003841.2	SLC6A19	HGNC:27960
SLC6A3	NM_001044.4	SLC6A3	HGNC:11049
SLC6A5	NM_004211.3	SLC6A5	HGNC:11051
SLC6A8	NM_005629.3	SLC6A8	HGNC:11055
SLC7A7	NM_001126106.2	SLC7A7	HGNC:11065
SLC7A9	NM_014270.4	SLC7A9	HGNC:11067
SLC9A6	NM_006359.2	SLC9A6	HGNC:11079
SLCO2A1	NM_005630.2	SLCO2A1	HGNC:10955
SLX4	NM_032444.2	SLX4	HGNC:23845
SMAD2	NM_005901.5	SMAD2	HGNC:6768
SMAD3	NM_005902.3	SMAD3	HGNC:6769
SMAD4	NM_005359.5	SMAD4	HGNC:6770
SMARCA4	NM_001128849.1	SMARCA4	HGNC:11100
SMARCB1	NM_003073.3	SMARCB1	HGNC:11103
SMARCC2	NM_003075.3	SMARCC2	HGNC:11105
SMARCE1	NM_003079.4	SMARCE1	HGNC:11109
SMC1A	NM_006306.2	SMC1A	HGNC:11111
SMPD1	NM_000543.4	SMPD1	HGNC:11120
SOX10	NM_006941.3	SOX10	HGNC:11190
SOX5	NM_006940.4	SOX5	HGNC:11201
SPAST	NM_014946.3	SPAST	HGNC:11233
SPATA5	NM_145207.2	AFG2A	HGNC:18119
SPATA7	NM_018418.4	SPATA7	HGNC:20423
SPG11	NM_025137.3	SPG11	HGNC:11226
SPG20	NM_015087.4	SPART	HGNC:18514
SPG21	NM_016630.6	SPG21	HGNC:20373
SPG7	NM_003119.2	SPG7	HGNC:11237
SPINK5	NM_006846.3	SPINK5	HGNC:15464
SPTA1	NM_003126.2	SPTA1	HGNC:11272
SPTB	NM_000347.5	SPTB	HGNC:11274
SQSTM1	NM_003900.4	SQSTM1	HGNC:11280
SRCAP	NM_006662.2	SRCAP	HGNC:16974
SRD5A2	NM_000348.3	SRD5A2	HGNC:11285
SSR4	NM_001204526.1	SSR4	HGNC:11326
ST3GAL5	NM_003896.3	ST3GAL5	HGNC:10872
STAG1	NM_005862.2	STAG1	HGNC:11354
STAG2	NM_001042749.2	STAG2	HGNC:11355
STIL	NM_003035.2	STIL	HGNC:10879
STK11	NM_000455.4	STK11	HGNC:11389
STRA6	NM_022369.3	STRA6	HGNC:30650
STRC	NM_153700.2	STRC	HGNC:16035
STX1B	NM_052874.3	STX1B	HGNC:18539
STXBP1	NM_003165.3	STXBP1	HGNC:11444
STXBP2	NM_006949.3	STXBP2	HGNC:11445
SUCLA2	NM_003850.2	SUCLA2	HGNC:11448
SUFU	NM_016169.3	SUFU	HGNC:16466
SURF1	NM_003172.2	SURF1	HGNC:11474
SUZ12	NM_015355.2	SUZ12	HGNC:17101
SYN1	NM_133499.2	SYN1	HGNC:11494
SYNCRIP	NM_001159673.1	SYNCRIP	HGNC:16918
SYNE1	NM_033071.3	SYNE1	HGNC:17089
SYNGAP1	NM_006772.2	SYNGAP1	HGNC:11497
SYNJ1	NM_003895.3	SYNJ1	HGNC:11503
SYT2	NM_177402.4	SYT2	HGNC:11510
SZT2	NM_015284.3	SZT2	HGNC:29040
TAB2	NM_015093.4	TAB2	HGNC:17075
TANC2	NM_025185.3	TANC2	HGNC:30212
TANGO2	NM_152906.4	TANGO2	HGNC:25439
TAZ	NM_000116.3	WWTR1	HGNC:24042
TBC1D23	NM_001199198.2	TBC1D23	HGNC:25622
TBC1D24	NM_001199107.1	TBC1D24	HGNC:29203
TBCD	NM_005993.4	TBCD	HGNC:11581
TBCE	NM_003193.4	TBCE	HGNC:11582
TBCK	NM_001163435.2	TBCK	HGNC:28261
TBL1XR1	NM_024665.4	TBL1XR1	HGNC:29529
TBX1	NM_080647.1	TBX1	HGNC:11592
TBX3	NM_005996.3	TBX3	HGNC:11602
TBX4	NM_018488.2	TBX4	HGNC:11603
TBX5	NM_000192.3	TBX5	HGNC:11604
TCF12	NM_207036.1	TCF12	HGNC:11623
TCF20	NM_005650.1	TCF20	HGNC:11631
TCF4	NM_001083962.1	TCF4	HGNC:11634
TCIRG1	NM_006019.3	TCIRG1	HGNC:11647
TCOF1	NM_001135243.1	TCOF1	HGNC:11654
TCTN1	NM_001082538.2	TCTN1	HGNC:26113
TCTN2	NM_024809.4	TCTN2	HGNC:25774
TDP2	NM_016614.2	TDP2	HGNC:17768
TECTA	NM_005422.2	TECTA	HGNC:11720
TELO2	NM_016111.3	TELO2	HGNC:29099
TFAP2B	NM_003221.3	TFAP2B	HGNC:11743
TGFB2	NM_003238.3	TGFB2	HGNC:11768
TGM1	NM_000359.2	TGM1	HGNC:11777
TGM5	NM_201631.3	TGM5	HGNC:11781
TJP2	NM_004817.3	TJP2	HGNC:11828
TLK2	NM_006852.3	TLK2	HGNC:11842
TMC1	NM_138691.2	TMC1	HGNC:16513
TMEM237	NM_001044385.2	TMEM237	HGNC:14432
TMEM38B	NM_018112.2	TMEM38B	HGNC:25535
TMEM67	NM_153704.5	TMEM67	HGNC:28396
TMEM70	NM_017866.5	TMEM70	HGNC:26050
TMIE	NM_147196.2	TMIE	HGNC:30800
TMLHE	NM_018196.3	TMLHE	HGNC:18308
TMPRSS3	NM_024022.2	TMPRSS3	HGNC:11877
TMTC3	NM_181783.3	TMTC3	HGNC:26899
TNNT1	NM_003283.4	TNNT1	HGNC:11948
TNRC6B	NM_001162501.1	TNRC6B	HGNC:29190
TNXB	NM_019105.6	TNXB	HGNC:11976
TOP3A	NM_004618.4	TOP3A	HGNC:11992
TOR1AIP1	NM_001267578.1	TOR1AIP1	HGNC:29456
TP53	NM_000546.4	TP53	HGNC:11998
TPK1	NM_022445.3	TPK1	HGNC:17358
TPM3	NM_152263.2	TPM3	HGNC:12012
TPP1	NM_000391.3	TPP1	HGNC:2073
TRAPPC2	NM_001011658.3	TRAPPC2	HGNC:23068
TRAPPC9	NM_031466.5	TRAPPC9	HGNC:30832
TRDN	NM_006073.3	TRDN	HGNC:12261
TRIM28	NM_005762.2	TRIM28	HGNC:16384
TRIO	NM_007118.2	TRIO	HGNC:12303
TRIOBP	NM_001039141.2	TRIOBP	HGNC:17009
TRIP11	NM_004239.3	TRIP11	HGNC:12305
TRIP12	NM_004238.2	TRIP12	HGNC:12306
TRIT1	NM_017646.4	TRIT1	HGNC:20286
TRNT1	NM_182916.2	TRNT1	HGNC:17341
TRPM1	NM_002420.5	TRPM1	HGNC:7146
TRPM6	NM_017662.4	TRPM6	HGNC:17995
TSC1	NM_000368.4	TSC1	HGNC:12362
TSC2	NM_000548.3	TSC2	HGNC:12363
TSEN54	NM_207346.2	TSEN54	HGNC:27561
TSPAN12	NM_012338.3	TSPAN12	HGNC:21641
TSPEAR	NM_144991.2	TSPEAR	HGNC:1268
TTC37	NM_014639.3	SKIC3	HGNC:23639
TTC7A	NM_020458.3	TTC7A	HGNC:19750
TTLL5	NM_015072.4	TTLL5	HGNC:19963
TTN	NM_001256850.1	TTN	HGNC:12403
TUFM	NM_003321.4	TUFM	HGNC:12420
TUSC3	NM_006765.2	TUSC3	HGNC:30242
TYMP	NM_001953.3	TYMP	HGNC:3148
TYR	NM_000372.4	TYR	HGNC:12442
UBA2	NM_005499.2	UBA2	HGNC:30661
UBE2A	NM_003336.2	UBE2A	HGNC:12472
UBE3A	NM_130838.1	UBE3A	HGNC:12496
UMPS	NM_000373.3	UMPS	HGNC:12563
UNC13D	NM_199242.2	UNC13D	HGNC:23147
UNC80	NM_032504.1	UNC80	HGNC:26582
UPB1	NM_016327.2	UPB1	HGNC:16297
USH1C	NM_005709.3	USH1C	HGNC:12597
USH2A	NM_206933.2	USH2A	HGNC:12601
USP18	NM_017414.3	USP18	HGNC:12616
USP7	NM_001286457.1	USP7	HGNC:12630
USP9X	NM_001039590.2	USP9X	HGNC:12632
UVSSA	NM_020894.2	UVSSA	HGNC:29304
VARS	NM_006295.2	VARS1	HGNC:12651
VARS2	NM_001167734.1	VARS2	HGNC:21642
VHL	NM_000551.3	VHL	HGNC:12687
VPS13A	NM_033305.2	VPS13A	HGNC:1908
VPS13B	NM_017890.3	VPS13B	HGNC:2183
VPS13C	NM_020821.2	VPS13C	HGNC:23594
VRK1	NM_003384.2	VRK1	HGNC:12718
VWF	NM_000552.3	VWF	HGNC:12726
WAC	NM_016628.4	WAC	HGNC:17327
WAS	NM_000377.2	WAS	HGNC:12731
WDFY3	NM_014991.4	WDFY3	HGNC:20751
WDR26	NM_025160.6	WDR26	HGNC:21208
WDR35	NM_001006657.1	WDR35	HGNC:29250
WDR45	NM_007075.3	WDR45	HGNC:28912
WDR62	NM_001083961.1	WDR62	HGNC:24502
WFS1	NM_006005.3	WFS1	HGNC:12762
WHSC1	NM_133330.2	NSD2	HGNC:12766
WNT1	NM_005430.3	WNT1	HGNC:12774
WRN	NM_000553.4	WRN	HGNC:12791
WT1	NM_024426.4	WT1	HGNC:12796
WWOX	NM_016373.2	WWOX	HGNC:12799
XPC	NM_004628.4	XPC	HGNC:12816
XRCC4	NM_022406.2	XRCC4	HGNC:12831
ZBTB20	NM_001164342.2	ZBTB20	HGNC:13503
ZC4H2	NM_018684.3	ZC4H2	HGNC:24931
ZEB2	NM_014795.3	ZEB2	HGNC:14881
ZFYVE26	NM_015346.3	ZFYVE26	HGNC:20761
ZIC2	NM_007129.3	ZIC2	HGNC:12873
ZMIZ1	NM_020338.3	ZMIZ1	HGNC:16493
ZMPSTE24	NM_005857.4	ZMPSTE24	HGNC:12877
ZMYM2	NM_003453.4	ZMYM2	HGNC:12989
ZMYND11	NM_006624.5	ZMYND11	HGNC:16966
