"hgnc_symbol"	"hgnc_id"	"description"
"AAAS"	"HGNC:13666"	"aladin WD repeat nucleoporin [Source:HGNC Symbol;Acc:HGNC:13666]"
"AARS1"	"HGNC:20"	"alanyl-tRNA synthetase 1 [Source:HGNC Symbol;Acc:HGNC:20]"
"AASS"	"HGNC:17366"	"aminoadipate-semialdehyde synthase [Source:HGNC Symbol;Acc:HGNC:17366]"
"ABCA1"	"HGNC:29"	"ATP binding cassette subfamily A member 1 [Source:HGNC Symbol;Acc:HGNC:29]"
"ABCA12"	"HGNC:14637"	"ATP binding cassette subfamily A member 12 [Source:HGNC Symbol;Acc:HGNC:14637]"
"ABCA2"	"HGNC:32"	"ATP binding cassette subfamily A member 2 [Source:HGNC Symbol;Acc:HGNC:32]"
"ABCA4"	"HGNC:34"	"ATP binding cassette subfamily A member 4 [Source:HGNC Symbol;Acc:HGNC:34]"
"ABCB11"	"HGNC:42"	"ATP binding cassette subfamily B member 11 [Source:HGNC Symbol;Acc:HGNC:42]"
"ABCC6"	"HGNC:57"	"ATP binding cassette subfamily C member 6 [Source:HGNC Symbol;Acc:HGNC:57]"
"ABCC8"	"HGNC:59"	"ATP binding cassette subfamily C member 8 [Source:HGNC Symbol;Acc:HGNC:59]"
"ABCD1"	"HGNC:61"	"ATP binding cassette subfamily D member 1 [Source:HGNC Symbol;Acc:HGNC:61]"
"ABCD4"	"HGNC:68"	"ATP binding cassette subfamily D member 4 [Source:HGNC Symbol;Acc:HGNC:68]"
"ABCG5"	"HGNC:13886"	"ATP binding cassette subfamily G member 5 [Source:HGNC Symbol;Acc:HGNC:13886]"
"ABCG8"	"HGNC:13887"	"ATP binding cassette subfamily G member 8 [Source:HGNC Symbol;Acc:HGNC:13887]"
"ABHD12"	"HGNC:15868"	"abhydrolase domain containing 12, lysophospholipase [Source:HGNC Symbol;Acc:HGNC:15868]"
"ABHD5"	"HGNC:21396"	"abhydrolase domain containing 5, lysophosphatidic acid acyltransferase [Source:HGNC Symbol;Acc:HGNC:21396]"
"ACADM"	"HGNC:89"	"acyl-CoA dehydrogenase medium chain [Source:HGNC Symbol;Acc:HGNC:89]"
"ACADS"	"HGNC:90"	"acyl-CoA dehydrogenase short chain [Source:HGNC Symbol;Acc:HGNC:90]"
"ACADSB"	"HGNC:91"	"acyl-CoA dehydrogenase short/branched chain [Source:HGNC Symbol;Acc:HGNC:91]"
"ACADVL"	"HGNC:92"	"acyl-CoA dehydrogenase very long chain [Source:HGNC Symbol;Acc:HGNC:92]"
"ACAN"	"HGNC:319"	"aggrecan [Source:HGNC Symbol;Acc:HGNC:319]"
"ACSF3"	"HGNC:27288"	"acyl-CoA synthetase family member 3 [Source:HGNC Symbol;Acc:HGNC:27288]"
"ACTB"	"HGNC:132"	"actin beta [Source:HGNC Symbol;Acc:HGNC:132]"
"ACVRL1"	"HGNC:175"	"activin A receptor like type 1 [Source:HGNC Symbol;Acc:HGNC:175]"
"ADA2"	"HGNC:1839"	"adenosine deaminase 2 [Source:HGNC Symbol;Acc:HGNC:1839]"
"ADAR"	"HGNC:225"	"adenosine deaminase RNA specific [Source:HGNC Symbol;Acc:HGNC:225]"
"ADCY5"	"HGNC:236"	"adenylate cyclase 5 [Source:HGNC Symbol;Acc:HGNC:236]"
"ADGRG1"	"HGNC:4512"	"adhesion G protein-coupled receptor G1 [Source:HGNC Symbol;Acc:HGNC:4512]"
"ADGRV1"	"HGNC:17416"	"adhesion G protein-coupled receptor V1 [Source:HGNC Symbol;Acc:HGNC:17416]"
"ADSL"	"HGNC:291"	"adenylosuccinate lyase [Source:HGNC Symbol;Acc:HGNC:291]"
"AEBP1"	"HGNC:303"	"AE binding protein 1 [Source:HGNC Symbol;Acc:HGNC:303]"
"AFF2"	"HGNC:3776"	"ALF transcription elongation factor 2 [Source:HGNC Symbol;Acc:HGNC:3776]"
"AFG2A"	"HGNC:18119"	"AFG2 AAA ATPase homolog A [Source:HGNC Symbol;Acc:HGNC:18119]"
"AFG3L2"	"HGNC:315"	"AFG3 like matrix AAA peptidase subunit 2 [Source:HGNC Symbol;Acc:HGNC:315]"
"AGA"	"HGNC:318"	"aspartylglucosaminidase [Source:HGNC Symbol;Acc:HGNC:318]"
"AGK"	"HGNC:21869"	"acylglycerol kinase [Source:HGNC Symbol;Acc:HGNC:21869]"
"AGL"	"HGNC:321"	"amylo-alpha-1, 6-glucosidase, 4-alpha-glucanotransferase [Source:HGNC Symbol;Acc:HGNC:321]"
"AGPAT2"	"HGNC:325"	"1-acylglycerol-3-phosphate O-acyltransferase 2 [Source:HGNC Symbol;Acc:HGNC:325]"
"AGRN"	"HGNC:329"	"agrin [Source:HGNC Symbol;Acc:HGNC:329]"
"AHI1"	"HGNC:21575"	"Abelson helper integration site 1 [Source:HGNC Symbol;Acc:HGNC:21575]"
"AIMP1"	"HGNC:10648"	"aminoacyl tRNA synthetase complex interacting multifunctional protein 1 [Source:HGNC Symbol;Acc:HGNC:10648]"
"AIPL1"	"HGNC:359"	"aryl hydrocarbon receptor interacting protein like 1 [Source:HGNC Symbol;Acc:HGNC:359]"
"AIRE"	"HGNC:360"	"autoimmune regulator [Source:HGNC Symbol;Acc:HGNC:360]"
"ALB"	"HGNC:399"	"albumin [Source:HGNC Symbol;Acc:HGNC:399]"
"ALDH18A1"	"HGNC:9722"	"aldehyde dehydrogenase 18 family member A1 [Source:HGNC Symbol;Acc:HGNC:9722]"
"ALDH5A1"	"HGNC:408"	"aldehyde dehydrogenase 5 family member A1 [Source:HGNC Symbol;Acc:HGNC:408]"
"ALDH7A1"	"HGNC:877"	"aldehyde dehydrogenase 7 family member A1 [Source:HGNC Symbol;Acc:HGNC:877]"
"ALDOA"	"HGNC:414"	"aldolase, fructose-bisphosphate A [Source:HGNC Symbol;Acc:HGNC:414]"
"ALG11"	"HGNC:32456"	"ALG11 alpha-1,2-mannosyltransferase [Source:HGNC Symbol;Acc:HGNC:32456]"
"ALG14"	"HGNC:28287"	"ALG14 UDP-N-acetylglucosaminyltransferase subunit [Source:HGNC Symbol;Acc:HGNC:28287]"
"ALG8"	"HGNC:23161"	"ALG8 alpha-1,3-glucosyltransferase [Source:HGNC Symbol;Acc:HGNC:23161]"
"ALMS1"	"HGNC:428"	"ALMS1 centrosome and basal body associated protein [Source:HGNC Symbol;Acc:HGNC:428]"
"ALOX12B"	"HGNC:430"	"arachidonate 12-lipoxygenase, 12R type [Source:HGNC Symbol;Acc:HGNC:430]"
"ALOXE3"	"HGNC:13743"	"arachidonate lipoxygenase 3 [Source:HGNC Symbol;Acc:HGNC:13743]"
"ALPK3"	"HGNC:17574"	"alpha kinase 3 [Source:HGNC Symbol;Acc:HGNC:17574]"
"ALPL"	"HGNC:438"	"alkaline phosphatase, biomineralization associated [Source:HGNC Symbol;Acc:HGNC:438]"
"ALS2"	"HGNC:443"	"alsin Rho guanine nucleotide exchange factor ALS2 [Source:HGNC Symbol;Acc:HGNC:443]"
"ALX4"	"HGNC:450"	"ALX homeobox 4 [Source:HGNC Symbol;Acc:HGNC:450]"
"AMPD1"	"HGNC:468"	"adenosine monophosphate deaminase 1 [Source:HGNC Symbol;Acc:HGNC:468]"
"AMT"	"HGNC:473"	"aminomethyltransferase [Source:HGNC Symbol;Acc:HGNC:473]"
"ANK1"	"HGNC:492"	"ankyrin 1 [Source:HGNC Symbol;Acc:HGNC:492]"
"ANKRD11"	"HGNC:21316"	"ankyrin repeat domain containing 11 [Source:HGNC Symbol;Acc:HGNC:21316]"
"ANKS6"	"HGNC:26724"	"ankyrin repeat and sterile alpha motif domain containing 6 [Source:HGNC Symbol;Acc:HGNC:26724]"
"ANO5"	"HGNC:27337"	"anoctamin 5 [Source:HGNC Symbol;Acc:HGNC:27337]"
"ANOS1"	"HGNC:6211"	"anosmin 1 [Source:HGNC Symbol;Acc:HGNC:6211]"
"AP1S1"	"HGNC:559"	"adaptor related protein complex 1 subunit sigma 1 [Source:HGNC Symbol;Acc:HGNC:559]"
"AP1S2"	"HGNC:560"	"adaptor related protein complex 1 subunit sigma 2 [Source:HGNC Symbol;Acc:HGNC:560]"
"AP3B2"	"HGNC:567"	"adaptor related protein complex 3 subunit beta 2 [Source:HGNC Symbol;Acc:HGNC:567]"
"AP4M1"	"HGNC:574"	"adaptor related protein complex 4 subunit mu 1 [Source:HGNC Symbol;Acc:HGNC:574]"
"AP4S1"	"HGNC:575"	"adaptor related protein complex 4 subunit sigma 1 [Source:HGNC Symbol;Acc:HGNC:575]"
"APC"	"HGNC:583"	"APC regulator of WNT signaling pathway [Source:HGNC Symbol;Acc:HGNC:583]"
"APOC3"	"HGNC:610"	"apolipoprotein C3 [Source:HGNC Symbol;Acc:HGNC:610]"
"ARFGEF2"	"HGNC:15853"	"ADP ribosylation factor guanine nucleotide exchange factor 2 [Source:HGNC Symbol;Acc:HGNC:15853]"
"ARG1"	"HGNC:663"	"arginase 1 [Source:HGNC Symbol;Acc:HGNC:663]"
"ARHGAP29"	"HGNC:30207"	"Rho GTPase activating protein 29 [Source:HGNC Symbol;Acc:HGNC:30207]"
"ARID1A"	"HGNC:11110"	"AT-rich interaction domain 1A [Source:HGNC Symbol;Acc:HGNC:11110]"
"ARID1B"	"HGNC:18040"	"AT-rich interaction domain 1B [Source:HGNC Symbol;Acc:HGNC:18040]"
"ARL6IP1"	"HGNC:697"	"ADP ribosylation factor like GTPase 6 interacting protein 1 [Source:HGNC Symbol;Acc:HGNC:697]"
"ARMC9"	"HGNC:20730"	"armadillo repeat containing 9 [Source:HGNC Symbol;Acc:HGNC:20730]"
"ARPC1B"	"HGNC:704"	"actin related protein 2/3 complex subunit 1B [Source:HGNC Symbol;Acc:HGNC:704]"
"ARSA"	"HGNC:713"	"arylsulfatase A [Source:HGNC Symbol;Acc:HGNC:713]"
"ARSL"	"HGNC:719"	"arylsulfatase L [Source:HGNC Symbol;Acc:HGNC:719]"
"ARV1"	"HGNC:29561"	"ARV1 homolog, fatty acid homeostasis modulator [Source:HGNC Symbol;Acc:HGNC:29561]"
"ASH1L"	"HGNC:19088"	"ASH1 like histone lysine methyltransferase [Source:HGNC Symbol;Acc:HGNC:19088]"
"ASL"	"HGNC:746"	"argininosuccinate lyase [Source:HGNC Symbol;Acc:HGNC:746]"
"ASNS"	"HGNC:753"	"asparagine synthetase (glutamine-hydrolyzing) [Source:HGNC Symbol;Acc:HGNC:753]"
"ASPA"	"HGNC:756"	"aspartoacylase [Source:HGNC Symbol;Acc:HGNC:756]"
"ASPM"	"HGNC:19048"	"assembly factor for spindle microtubules [Source:HGNC Symbol;Acc:HGNC:19048]"
"ASS1"	"HGNC:758"	"argininosuccinate synthase 1 [Source:HGNC Symbol;Acc:HGNC:758]"
"ASXL3"	"HGNC:29357"	"ASXL transcriptional regulator 3 [Source:HGNC Symbol;Acc:HGNC:29357]"
"ATF6"	"HGNC:791"	"activating transcription factor 6 [Source:HGNC Symbol;Acc:HGNC:791]"
"ATM"	"HGNC:795"	"ATM serine/threonine kinase [Source:HGNC Symbol;Acc:HGNC:795]"
"ATP1A2"	"HGNC:800"	"ATPase Na+/K+ transporting subunit alpha 2 [Source:HGNC Symbol;Acc:HGNC:800]"
"ATP2A1"	"HGNC:811"	"ATPase sarcoplasmic/endoplasmic reticulum Ca2+ transporting 1 [Source:HGNC Symbol;Acc:HGNC:811]"
"ATP2A2"	"HGNC:812"	"ATPase sarcoplasmic/endoplasmic reticulum Ca2+ transporting 2 [Source:HGNC Symbol;Acc:HGNC:812]"
"ATP2B2"	"HGNC:815"	"ATPase plasma membrane Ca2+ transporting 2 [Source:HGNC Symbol;Acc:HGNC:815]"
"ATP2C1"	"HGNC:13211"	"ATPase secretory pathway Ca2+ transporting 1 [Source:HGNC Symbol;Acc:HGNC:13211]"
"ATP6V0A2"	"HGNC:18481"	"ATPase H+ transporting V0 subunit a2 [Source:HGNC Symbol;Acc:HGNC:18481]"
"ATP7B"	"HGNC:870"	"ATPase copper transporting beta [Source:HGNC Symbol;Acc:HGNC:870]"
"ATP8A2"	"HGNC:13533"	"ATPase phospholipid transporting 8A2 [Source:HGNC Symbol;Acc:HGNC:13533]"
"ATR"	"HGNC:882"	"ATR serine/threonine kinase [Source:HGNC Symbol;Acc:HGNC:882]"
"ATRX"	"HGNC:886"	"ATRX chromatin remodeler [Source:HGNC Symbol;Acc:HGNC:886]"
"AUH"	"HGNC:890"	"AU RNA binding methylglutaconyl-CoA hydratase [Source:HGNC Symbol;Acc:HGNC:890]"
"AUTS2"	"HGNC:14262"	"activator of transcription and developmental regulator AUTS2 [Source:HGNC Symbol;Acc:HGNC:14262]"
"B3GALNT2"	"HGNC:28596"	"beta-1,3-N-acetylgalactosaminyltransferase 2 [Source:HGNC Symbol;Acc:HGNC:28596]"
"B3GLCT"	"HGNC:20207"	"beta 3-glucosyltransferase [Source:HGNC Symbol;Acc:HGNC:20207]"
"B4GALT7"	"HGNC:930"	"beta-1,4-galactosyltransferase 7 [Source:HGNC Symbol;Acc:HGNC:930]"
"BAP1"	"HGNC:950"	"BRCA1 associated protein 1 [Source:HGNC Symbol;Acc:HGNC:950]"
"BARD1"	"HGNC:952"	"BRCA1 associated RING domain 1 [Source:HGNC Symbol;Acc:HGNC:952]"
"BBS1"	"HGNC:966"	"Bardet-Biedl syndrome 1 [Source:HGNC Symbol;Acc:HGNC:966]"
"BBS2"	"HGNC:967"	"Bardet-Biedl syndrome 2 [Source:HGNC Symbol;Acc:HGNC:967]"
"BBS4"	"HGNC:969"	"Bardet-Biedl syndrome 4 [Source:HGNC Symbol;Acc:HGNC:969]"
"BBS5"	"HGNC:970"	"Bardet-Biedl syndrome 5 [Source:HGNC Symbol;Acc:HGNC:970]"
"BBS9"	"HGNC:30000"	"Bardet-Biedl syndrome 9 [Source:HGNC Symbol;Acc:HGNC:30000]"
"BCAP31"	"HGNC:16695"	"B cell receptor associated protein 31 [Source:HGNC Symbol;Acc:HGNC:16695]"
"BCKDHA"	"HGNC:986"	"branched chain keto acid dehydrogenase E1 subunit alpha [Source:HGNC Symbol;Acc:HGNC:986]"
"BCKDK"	"HGNC:16902"	"branched chain keto acid dehydrogenase kinase [Source:HGNC Symbol;Acc:HGNC:16902]"
"BCL11B"	"HGNC:13222"	"BCL11 transcription factor B [Source:HGNC Symbol;Acc:HGNC:13222]"
"BCOR"	"HGNC:20893"	"BCL6 corepressor [Source:HGNC Symbol;Acc:HGNC:20893]"
"BCS1L"	"HGNC:1020"	"BCS1 homolog, ubiquinol-cytochrome c reductase complex chaperone [Source:HGNC Symbol;Acc:HGNC:1020]"
"BLM"	"HGNC:1058"	"BLM RecQ like helicase [Source:HGNC Symbol;Acc:HGNC:1058]"
"BLTP1"	"HGNC:26953"	"bridge-like lipid transfer protein family member 1 [Source:HGNC Symbol;Acc:HGNC:26953]"
"BMP4"	"HGNC:1071"	"bone morphogenetic protein 4 [Source:HGNC Symbol;Acc:HGNC:1071]"
"BMPR1A"	"HGNC:1076"	"bone morphogenetic protein receptor type 1A [Source:HGNC Symbol;Acc:HGNC:1076]"
"BMPR2"	"HGNC:1078"	"bone morphogenetic protein receptor type 2 [Source:HGNC Symbol;Acc:HGNC:1078]"
"BPTF"	"HGNC:3581"	"bromodomain PHD finger transcription factor [Source:HGNC Symbol;Acc:HGNC:3581]"
"BRAT1"	"HGNC:21701"	"BRCA1 associated ATM activator 1 [Source:HGNC Symbol;Acc:HGNC:21701]"
"BRCA1"	"HGNC:1100"	"BRCA1 DNA repair associated [Source:HGNC Symbol;Acc:HGNC:1100]"
"BRCA2"	"HGNC:1101"	"BRCA2 DNA repair associated [Source:HGNC Symbol;Acc:HGNC:1101]"
"BRF1"	"HGNC:11551"	"BRF1 RNA polymerase III transcription initiation factor subunit [Source:HGNC Symbol;Acc:HGNC:11551]"
"BRIP1"	"HGNC:20473"	"BRCA1 interacting helicase 1 [Source:HGNC Symbol;Acc:HGNC:20473]"
"BRPF1"	"HGNC:14255"	"bromodomain and PHD finger containing 1 [Source:HGNC Symbol;Acc:HGNC:14255]"
"BTK"	"HGNC:1133"	"Bruton tyrosine kinase [Source:HGNC Symbol;Acc:HGNC:1133]"
"BUB1B"	"HGNC:1149"	"BUB1 mitotic checkpoint serine/threonine kinase B [Source:HGNC Symbol;Acc:HGNC:1149]"
"C2CD3"	"HGNC:24564"	"C2 domain containing 3 centriole elongation regulator [Source:HGNC Symbol;Acc:HGNC:24564]"
"C3"	"HGNC:1318"	"complement C3 [Source:HGNC Symbol;Acc:HGNC:1318]"
"C6"	"HGNC:1339"	"complement C6 [Source:HGNC Symbol;Acc:HGNC:1339]"
"CA2"	"HGNC:1373"	"carbonic anhydrase 2 [Source:HGNC Symbol;Acc:HGNC:1373]"
"CABP2"	"HGNC:1385"	"calcium binding protein 2 [Source:HGNC Symbol;Acc:HGNC:1385]"
"CABP4"	"HGNC:1386"	"calcium binding protein 4 [Source:HGNC Symbol;Acc:HGNC:1386]"
"CACNA1A"	"HGNC:1388"	"calcium voltage-gated channel subunit alpha1 A [Source:HGNC Symbol;Acc:HGNC:1388]"
"CACNA1F"	"HGNC:1393"	"calcium voltage-gated channel subunit alpha1 F [Source:HGNC Symbol;Acc:HGNC:1393]"
"CACNA1S"	"HGNC:1397"	"calcium voltage-gated channel subunit alpha1 S [Source:HGNC Symbol;Acc:HGNC:1397]"
"CACNA2D2"	"HGNC:1400"	"calcium voltage-gated channel auxiliary subunit alpha2delta 2 [Source:HGNC Symbol;Acc:HGNC:1400]"
"CACNA2D4"	"HGNC:20202"	"calcium voltage-gated channel auxiliary subunit alpha2delta 4 [Source:HGNC Symbol;Acc:HGNC:20202]"
"CAMTA1"	"HGNC:18806"	"calmodulin binding transcription activator 1 [Source:HGNC Symbol;Acc:HGNC:18806]"
"CAPN3"	"HGNC:1480"	"calpain 3 [Source:HGNC Symbol;Acc:HGNC:1480]"
"CARS2"	"HGNC:25695"	"cysteinyl-tRNA synthetase 2, mitochondrial [Source:HGNC Symbol;Acc:HGNC:25695]"
"CASK"	"HGNC:1497"	"calcium/calmodulin dependent serine protein kinase [Source:HGNC Symbol;Acc:HGNC:1497]"
"CASQ2"	"HGNC:1513"	"calsequestrin 2 [Source:HGNC Symbol;Acc:HGNC:1513]"
"CASR"	"HGNC:1514"	"calcium sensing receptor [Source:HGNC Symbol;Acc:HGNC:1514]"
"CBS"	"HGNC:1550"	"cystathionine beta-synthase [Source:HGNC Symbol;Acc:HGNC:1550]"
"CC2D1A"	"HGNC:30237"	"coiled-coil and C2 domain containing 1A [Source:HGNC Symbol;Acc:HGNC:30237]"
"CC2D2A"	"HGNC:29253"	"coiled-coil and C2 domain containing 2A [Source:HGNC Symbol;Acc:HGNC:29253]"
"CCDC39"	"HGNC:25244"	"coiled-coil domain containing 39 [Source:HGNC Symbol;Acc:HGNC:25244]"
"CCM2"	"HGNC:21708"	"CCM2 scaffold protein [Source:HGNC Symbol;Acc:HGNC:21708]"
"CD36"	"HGNC:1663"	"CD36 molecule [Source:HGNC Symbol;Acc:HGNC:1663]"
"CD40LG"	"HGNC:11935"	"CD40 ligand [Source:HGNC Symbol;Acc:HGNC:11935]"
"CDAN1"	"HGNC:1713"	"codanin 1 [Source:HGNC Symbol;Acc:HGNC:1713]"
"CDC73"	"HGNC:16783"	"cell division cycle 73 [Source:HGNC Symbol;Acc:HGNC:16783]"
"CDH1"	"HGNC:1748"	"cadherin 1 [Source:HGNC Symbol;Acc:HGNC:1748]"
"CDH23"	"HGNC:13733"	"cadherin related 23 [Source:HGNC Symbol;Acc:HGNC:13733]"
"CDK10"	"HGNC:1770"	"cyclin dependent kinase 10 [Source:HGNC Symbol;Acc:HGNC:1770]"
"CDK13"	"HGNC:1733"	"cyclin dependent kinase 13 [Source:HGNC Symbol;Acc:HGNC:1733]"
"CDKL5"	"HGNC:11411"	"cyclin dependent kinase like 5 [Source:HGNC Symbol;Acc:HGNC:11411]"
"CDKN2A"	"HGNC:1787"	"cyclin dependent kinase inhibitor 2A [Source:HGNC Symbol;Acc:HGNC:1787]"
"CDT1"	"HGNC:24576"	"chromatin licensing and DNA replication factor 1 [Source:HGNC Symbol;Acc:HGNC:24576]"
"CENPF"	"HGNC:1857"	"centromere protein F [Source:HGNC Symbol;Acc:HGNC:1857]"
"CENPJ"	"HGNC:17272"	"centromere protein J [Source:HGNC Symbol;Acc:HGNC:17272]"
"CEP104"	"HGNC:24866"	"centrosomal protein 104 [Source:HGNC Symbol;Acc:HGNC:24866]"
"CEP120"	"HGNC:26690"	"centrosomal protein 120 [Source:HGNC Symbol;Acc:HGNC:26690]"
"CEP135"	"HGNC:29086"	"centrosomal protein 135 [Source:HGNC Symbol;Acc:HGNC:29086]"
"CEP290"	"HGNC:29021"	"centrosomal protein 290 [Source:HGNC Symbol;Acc:HGNC:29021]"
"CEP41"	"HGNC:12370"	"centrosomal protein 41 [Source:HGNC Symbol;Acc:HGNC:12370]"
"CEP83"	"HGNC:17966"	"centrosomal protein 83 [Source:HGNC Symbol;Acc:HGNC:17966]"
"CERKL"	"HGNC:21699"	"ceramide kinase like [Source:HGNC Symbol;Acc:HGNC:21699]"
"CFI"	"HGNC:5394"	"complement factor I [Source:HGNC Symbol;Acc:HGNC:5394]"
"CFTR"	"HGNC:1884"	"CF transmembrane conductance regulator [Source:HGNC Symbol;Acc:HGNC:1884]"
"CHD2"	"HGNC:1917"	"chromodomain helicase DNA binding protein 2 [Source:HGNC Symbol;Acc:HGNC:1917]"
"CHD3"	"HGNC:1918"	"chromodomain helicase DNA binding protein 3 [Source:HGNC Symbol;Acc:HGNC:1918]"
"CHD7"	"HGNC:20626"	"chromodomain helicase DNA binding protein 7 [Source:HGNC Symbol;Acc:HGNC:20626]"
"CHD8"	"HGNC:20153"	"chromodomain helicase DNA binding protein 8 [Source:HGNC Symbol;Acc:HGNC:20153]"
"CHEK2"	"HGNC:16627"	"checkpoint kinase 2 [Source:HGNC Symbol;Acc:HGNC:16627]"
"CHM"	"HGNC:1940"	"CHM Rab escort protein [Source:HGNC Symbol;Acc:HGNC:1940]"
"CHRNE"	"HGNC:1966"	"cholinergic receptor nicotinic epsilon subunit [Source:HGNC Symbol;Acc:HGNC:1966]"
"CHRNG"	"HGNC:1967"	"cholinergic receptor nicotinic gamma subunit [Source:HGNC Symbol;Acc:HGNC:1967]"
"CIC"	"HGNC:14214"	"capicua transcriptional repressor [Source:HGNC Symbol;Acc:HGNC:14214]"
"CLCN1"	"HGNC:2019"	"chloride voltage-gated channel 1 [Source:HGNC Symbol;Acc:HGNC:2019]"
"CLCN2"	"HGNC:2020"	"chloride voltage-gated channel 2 [Source:HGNC Symbol;Acc:HGNC:2020]"
"CLCN7"	"HGNC:2025"	"chloride voltage-gated channel 7 [Source:HGNC Symbol;Acc:HGNC:2025]"
"CLCNKB"	"HGNC:2027"	"chloride voltage-gated channel Kb [Source:HGNC Symbol;Acc:HGNC:2027]"
"CLDN19"	"HGNC:2040"	"claudin 19 [Source:HGNC Symbol;Acc:HGNC:2040]"
"CLN6"	"HGNC:2077"	"CLN6 transmembrane ER protein [Source:HGNC Symbol;Acc:HGNC:2077]"
"CLTC"	"HGNC:2092"	"clathrin heavy chain [Source:HGNC Symbol;Acc:HGNC:2092]"
"CNGA3"	"HGNC:2150"	"cyclic nucleotide gated channel subunit alpha 3 [Source:HGNC Symbol;Acc:HGNC:2150]"
"CNGB1"	"HGNC:2151"	"cyclic nucleotide gated channel subunit beta 1 [Source:HGNC Symbol;Acc:HGNC:2151]"
"CNGB3"	"HGNC:2153"	"cyclic nucleotide gated channel subunit beta 3 [Source:HGNC Symbol;Acc:HGNC:2153]"
"CNKSR2"	"HGNC:19701"	"connector enhancer of kinase suppressor of Ras 2 [Source:HGNC Symbol;Acc:HGNC:19701]"
"CNOT1"	"HGNC:7877"	"CCR4-NOT transcription complex subunit 1 [Source:HGNC Symbol;Acc:HGNC:7877]"
"CNOT3"	"HGNC:7879"	"CCR4-NOT transcription complex subunit 3 [Source:HGNC Symbol;Acc:HGNC:7879]"
"CNTNAP1"	"HGNC:8011"	"contactin associated protein 1 [Source:HGNC Symbol;Acc:HGNC:8011]"
"CNTNAP2"	"HGNC:13830"	"contactin associated protein 2 [Source:HGNC Symbol;Acc:HGNC:13830]"
"COG5"	"HGNC:14857"	"component of oligomeric golgi complex 5 [Source:HGNC Symbol;Acc:HGNC:14857]"
"COL11A1"	"HGNC:2186"	"collagen type XI alpha 1 chain [Source:HGNC Symbol;Acc:HGNC:2186]"
"COL11A2"	"HGNC:2187"	"collagen type XI alpha 2 chain [Source:HGNC Symbol;Acc:HGNC:2187]"
"COL12A1"	"HGNC:2188"	"collagen type XII alpha 1 chain [Source:HGNC Symbol;Acc:HGNC:2188]"
"COL13A1"	"HGNC:2190"	"collagen type XIII alpha 1 chain [Source:HGNC Symbol;Acc:HGNC:2190]"
"COL17A1"	"HGNC:2194"	"collagen type XVII alpha 1 chain [Source:HGNC Symbol;Acc:HGNC:2194]"
"COL1A1"	"HGNC:2197"	"collagen type I alpha 1 chain [Source:HGNC Symbol;Acc:HGNC:2197]"
"COL1A2"	"HGNC:2198"	"collagen type I alpha 2 chain [Source:HGNC Symbol;Acc:HGNC:2198]"
"COL2A1"	"HGNC:2200"	"collagen type II alpha 1 chain [Source:HGNC Symbol;Acc:HGNC:2200]"
"COL3A1"	"HGNC:2201"	"collagen type III alpha 1 chain [Source:HGNC Symbol;Acc:HGNC:2201]"
"COL4A1"	"HGNC:2202"	"collagen type IV alpha 1 chain [Source:HGNC Symbol;Acc:HGNC:2202]"
"COL4A3"	"HGNC:2204"	"collagen type IV alpha 3 chain [Source:HGNC Symbol;Acc:HGNC:2204]"
"COL4A4"	"HGNC:2206"	"collagen type IV alpha 4 chain [Source:HGNC Symbol;Acc:HGNC:2206]"
"COL4A5"	"HGNC:2207"	"collagen type IV alpha 5 chain [Source:HGNC Symbol;Acc:HGNC:2207]"
"COL5A1"	"HGNC:2209"	"collagen type V alpha 1 chain [Source:HGNC Symbol;Acc:HGNC:2209]"
"COL6A1"	"HGNC:2211"	"collagen type VI alpha 1 chain [Source:HGNC Symbol;Acc:HGNC:2211]"
"COL6A2"	"HGNC:2212"	"collagen type VI alpha 2 chain [Source:HGNC Symbol;Acc:HGNC:2212]"
"COL6A3"	"HGNC:2213"	"collagen type VI alpha 3 chain [Source:HGNC Symbol;Acc:HGNC:2213]"
"COL7A1"	"HGNC:2214"	"collagen type VII alpha 1 chain [Source:HGNC Symbol;Acc:HGNC:2214]"
"COL9A1"	"HGNC:2217"	"collagen type IX alpha 1 chain [Source:HGNC Symbol;Acc:HGNC:2217]"
"COL9A2"	"HGNC:2218"	"collagen type IX alpha 2 chain [Source:HGNC Symbol;Acc:HGNC:2218]"
"COLQ"	"HGNC:2226"	"collagen like tail subunit of asymmetric acetylcholinesterase [Source:HGNC Symbol;Acc:HGNC:2226]"
"COQ2"	"HGNC:25223"	"coenzyme Q2, polyprenyltransferase [Source:HGNC Symbol;Acc:HGNC:25223]"
"COQ4"	"HGNC:19693"	"coenzyme Q4 [Source:HGNC Symbol;Acc:HGNC:19693]"
"COQ6"	"HGNC:20233"	"coenzyme Q6, monooxygenase [Source:HGNC Symbol;Acc:HGNC:20233]"
"COQ8B"	"HGNC:19041"	"coenzyme Q8B [Source:HGNC Symbol;Acc:HGNC:19041]"
"COX15"	"HGNC:2263"	"cytochrome c oxidase assembly homolog COX15 [Source:HGNC Symbol;Acc:HGNC:2263]"
"CP"	"HGNC:2295"	"ceruloplasmin [Source:HGNC Symbol;Acc:HGNC:2295]"
"CPLANE1"	"HGNC:25801"	"ciliogenesis and planar polarity effector complex subunit 1 [Source:HGNC Symbol;Acc:HGNC:25801]"
"CPS1"	"HGNC:2323"	"carbamoyl-phosphate synthase 1 [Source:HGNC Symbol;Acc:HGNC:2323]"
"CPT1A"	"HGNC:2328"	"carnitine palmitoyltransferase 1A [Source:HGNC Symbol;Acc:HGNC:2328]"
"CR2"	"HGNC:2336"	"complement C3d receptor 2 [Source:HGNC Symbol;Acc:HGNC:2336]"
"CRBN"	"HGNC:30185"	"cereblon [Source:HGNC Symbol;Acc:HGNC:30185]"
"CREBBP"	"HGNC:2348"	"CREB binding protein [Source:HGNC Symbol;Acc:HGNC:2348]"
"CRPPA"	"HGNC:37276"	"CDP-L-ribitol pyrophosphorylase A [Source:HGNC Symbol;Acc:HGNC:37276]"
"CRTAP"	"HGNC:2379"	"cartilage associated protein [Source:HGNC Symbol;Acc:HGNC:2379]"
"CSF1R"	"HGNC:2433"	"colony stimulating factor 1 receptor [Source:HGNC Symbol;Acc:HGNC:2433]"
"CSNK2B"	"HGNC:2460"	"casein kinase 2 beta [Source:HGNC Symbol;Acc:HGNC:2460]"
"CSPP1"	"HGNC:26193"	"centrosome and spindle pole associated protein 1 [Source:HGNC Symbol;Acc:HGNC:26193]"
"CSTB"	"HGNC:2482"	"cystatin B [Source:HGNC Symbol;Acc:HGNC:2482]"
"CTCF"	"HGNC:13723"	"CCCTC-binding factor [Source:HGNC Symbol;Acc:HGNC:13723]"
"CTNNA1"	"HGNC:2509"	"catenin alpha 1 [Source:HGNC Symbol;Acc:HGNC:2509]"
"CTNNB1"	"HGNC:2514"	"catenin beta 1 [Source:HGNC Symbol;Acc:HGNC:2514]"
"CTSA"	"HGNC:9251"	"cathepsin A [Source:HGNC Symbol;Acc:HGNC:9251]"
"CTSC"	"HGNC:2528"	"cathepsin C [Source:HGNC Symbol;Acc:HGNC:2528]"
"CTSF"	"HGNC:2531"	"cathepsin F [Source:HGNC Symbol;Acc:HGNC:2531]"
"CTU2"	"HGNC:28005"	"cytosolic thiouridylase subunit 2 [Source:HGNC Symbol;Acc:HGNC:28005]"
"CUBN"	"HGNC:2548"	"cubilin [Source:HGNC Symbol;Acc:HGNC:2548]"
"CUL3"	"HGNC:2553"	"cullin 3 [Source:HGNC Symbol;Acc:HGNC:2553]"
"CUL4B"	"HGNC:2555"	"cullin 4B [Source:HGNC Symbol;Acc:HGNC:2555]"
"CUL7"	"HGNC:21024"	"cullin 7 [Source:HGNC Symbol;Acc:HGNC:21024]"
"CWF19L1"	"HGNC:25613"	"CWF19 like cell cycle control factor 1 [Source:HGNC Symbol;Acc:HGNC:25613]"
"CYBB"	"HGNC:2578"	"cytochrome b-245 beta chain [Source:HGNC Symbol;Acc:HGNC:2578]"
"CYP11B2"	"HGNC:2592"	"cytochrome P450 family 11 subfamily B member 2 [Source:HGNC Symbol;Acc:HGNC:2592]"
"CYP19A1"	"HGNC:2594"	"cytochrome P450 family 19 subfamily A member 1 [Source:HGNC Symbol;Acc:HGNC:2594]"
"CYP24A1"	"HGNC:2602"	"cytochrome P450 family 24 subfamily A member 1 [Source:HGNC Symbol;Acc:HGNC:2602]"
"CYP27A1"	"HGNC:2605"	"cytochrome P450 family 27 subfamily A member 1 [Source:HGNC Symbol;Acc:HGNC:2605]"
"DARS2"	"HGNC:25538"	"aspartyl-tRNA synthetase 2, mitochondrial [Source:HGNC Symbol;Acc:HGNC:25538]"
"DBH"	"HGNC:2689"	"dopamine beta-hydroxylase [Source:HGNC Symbol;Acc:HGNC:2689]"
"DCC"	"HGNC:2701"	"DCC netrin 1 receptor [Source:HGNC Symbol;Acc:HGNC:2701]"
"DCDC2"	"HGNC:18141"	"doublecortin domain containing 2 [Source:HGNC Symbol;Acc:HGNC:18141]"
"DCLRE1C"	"HGNC:17642"	"DNA cross-link repair 1C [Source:HGNC Symbol;Acc:HGNC:17642]"
"DCX"	"HGNC:2714"	"doublecortin [Source:HGNC Symbol;Acc:HGNC:2714]"
"DDC"	"HGNC:2719"	"dopa decarboxylase [Source:HGNC Symbol;Acc:HGNC:2719]"
"DDX11"	"HGNC:2736"	"DEAD/H-box helicase 11 [Source:HGNC Symbol;Acc:HGNC:2736]"
"DDX3X"	"HGNC:2745"	"DEAD-box helicase 3 X-linked [Source:HGNC Symbol;Acc:HGNC:2745]"
"DDX41"	"HGNC:18674"	"DEAD-box helicase 41 [Source:HGNC Symbol;Acc:HGNC:18674]"
"DEAF1"	"HGNC:14677"	"DEAF1 transcription factor [Source:HGNC Symbol;Acc:HGNC:14677]"
"DEGS1"	"HGNC:13709"	"delta 4-desaturase, sphingolipid 1 [Source:HGNC Symbol;Acc:HGNC:13709]"
"DENND5A"	"HGNC:19344"	"DENN domain containing 5A [Source:HGNC Symbol;Acc:HGNC:19344]"
"DEPDC5"	"HGNC:18423"	"DEP domain containing 5, GATOR1 subcomplex subunit [Source:HGNC Symbol;Acc:HGNC:18423]"
"DES"	"HGNC:2770"	"desmin [Source:HGNC Symbol;Acc:HGNC:2770]"
"DGUOK"	"HGNC:2858"	"deoxyguanosine kinase [Source:HGNC Symbol;Acc:HGNC:2858]"
"DHCR7"	"HGNC:2860"	"7-dehydrocholesterol reductase [Source:HGNC Symbol;Acc:HGNC:2860]"
"DHPS"	"HGNC:2869"	"deoxyhypusine synthase [Source:HGNC Symbol;Acc:HGNC:2869]"
"DIAPH1"	"HGNC:2876"	"diaphanous related formin 1 [Source:HGNC Symbol;Acc:HGNC:2876]"
"DICER1"	"HGNC:17098"	"dicer 1, ribonuclease III [Source:HGNC Symbol;Acc:HGNC:17098]"
"DLAT"	"HGNC:2896"	"dihydrolipoamide S-acetyltransferase [Source:HGNC Symbol;Acc:HGNC:2896]"
"DLG3"	"HGNC:2902"	"discs large MAGUK scaffold protein 3 [Source:HGNC Symbol;Acc:HGNC:2902]"
"DLG4"	"HGNC:2903"	"discs large MAGUK scaffold protein 4 [Source:HGNC Symbol;Acc:HGNC:2903]"
"DLL1"	"HGNC:2908"	"delta like canonical Notch ligand 1 [Source:HGNC Symbol;Acc:HGNC:2908]"
"DMD"	"HGNC:2928"	"dystrophin [Source:HGNC Symbol;Acc:HGNC:2928]"
"DMP1"	"HGNC:2932"	"dentin matrix acidic phosphoprotein 1 [Source:HGNC Symbol;Acc:HGNC:2932]"
"DNAAF1"	"HGNC:30539"	"dynein axonemal assembly factor 1 [Source:HGNC Symbol;Acc:HGNC:30539]"
"DNAH11"	"HGNC:2942"	"dynein axonemal heavy chain 11 [Source:HGNC Symbol;Acc:HGNC:2942]"
"DNAH5"	"HGNC:2950"	"dynein axonemal heavy chain 5 [Source:HGNC Symbol;Acc:HGNC:2950]"
"DNAH9"	"HGNC:2953"	"dynein axonemal heavy chain 9 [Source:HGNC Symbol;Acc:HGNC:2953]"
"DNAI1"	"HGNC:2954"	"dynein axonemal intermediate chain 1 [Source:HGNC Symbol;Acc:HGNC:2954]"
"DNAJB2"	"HGNC:5228"	"DnaJ heat shock protein family (Hsp40) member B2 [Source:HGNC Symbol;Acc:HGNC:5228]"
"DNAJC21"	"HGNC:27030"	"DnaJ heat shock protein family (Hsp40) member C21 [Source:HGNC Symbol;Acc:HGNC:27030]"
"DNAJC3"	"HGNC:9439"	"DnaJ heat shock protein family (Hsp40) member C3 [Source:HGNC Symbol;Acc:HGNC:9439]"
"DNMT3A"	"HGNC:2978"	"DNA methyltransferase 3 alpha [Source:HGNC Symbol;Acc:HGNC:2978]"
"DOCK6"	"HGNC:19189"	"dedicator of cytokinesis 6 [Source:HGNC Symbol;Acc:HGNC:19189]"
"DOCK8"	"HGNC:19191"	"dedicator of cytokinesis 8 [Source:HGNC Symbol;Acc:HGNC:19191]"
"DPAGT1"	"HGNC:2995"	"dolichyl-phosphate N-acetylglucosaminephosphotransferase 1 [Source:HGNC Symbol;Acc:HGNC:2995]"
"DPF2"	"HGNC:9964"	"double PHD fingers 2 [Source:HGNC Symbol;Acc:HGNC:9964]"
"DPM1"	"HGNC:3005"	"dolichyl-phosphate mannosyltransferase subunit 1, catalytic [Source:HGNC Symbol;Acc:HGNC:3005]"
"DPP6"	"HGNC:3010"	"dipeptidyl peptidase like 6 [Source:HGNC Symbol;Acc:HGNC:3010]"
"DPYD"	"HGNC:3012"	"dihydropyrimidine dehydrogenase [Source:HGNC Symbol;Acc:HGNC:3012]"
"DSC2"	"HGNC:3036"	"desmocollin 2 [Source:HGNC Symbol;Acc:HGNC:3036]"
"DSE"	"HGNC:21144"	"dermatan sulfate epimerase [Source:HGNC Symbol;Acc:HGNC:21144]"
"DSG2"	"HGNC:3049"	"desmoglein 2 [Source:HGNC Symbol;Acc:HGNC:3049]"
"DSP"	"HGNC:3052"	"desmoplakin [Source:HGNC Symbol;Acc:HGNC:3052]"
"DSPP"	"HGNC:3054"	"dentin sialophosphoprotein [Source:HGNC Symbol;Acc:HGNC:3054]"
"DTNBP1"	"HGNC:17328"	"dystrobrevin binding protein 1 [Source:HGNC Symbol;Acc:HGNC:17328]"
"DUOX2"	"HGNC:13273"	"dual oxidase 2 [Source:HGNC Symbol;Acc:HGNC:13273]"
"DUOXA2"	"HGNC:32698"	"dual oxidase maturation factor 2 [Source:HGNC Symbol;Acc:HGNC:32698]"
"DYNC2H1"	"HGNC:2962"	"dynein cytoplasmic 2 heavy chain 1 [Source:HGNC Symbol;Acc:HGNC:2962]"
"DYRK1A"	"HGNC:3091"	"dual specificity tyrosine phosphorylation regulated kinase 1A [Source:HGNC Symbol;Acc:HGNC:3091]"
"DYSF"	"HGNC:3097"	"dysferlin [Source:HGNC Symbol;Acc:HGNC:3097]"
"EARS2"	"HGNC:29419"	"glutamyl-tRNA synthetase 2, mitochondrial [Source:HGNC Symbol;Acc:HGNC:29419]"
"EBF3"	"HGNC:19087"	"EBF transcription factor 3 [Source:HGNC Symbol;Acc:HGNC:19087]"
"EBP"	"HGNC:3133"	"EBP cholestenol delta-isomerase [Source:HGNC Symbol;Acc:HGNC:3133]"
"ECEL1"	"HGNC:3147"	"endothelin converting enzyme like 1 [Source:HGNC Symbol;Acc:HGNC:3147]"
"EDA"	"HGNC:3157"	"ectodysplasin A [Source:HGNC Symbol;Acc:HGNC:3157]"
"EDAR"	"HGNC:2895"	"ectodysplasin A receptor [Source:HGNC Symbol;Acc:HGNC:2895]"
"EFEMP1"	"HGNC:3218"	"EGF containing fibulin extracellular matrix protein 1 [Source:HGNC Symbol;Acc:HGNC:3218]"
"EFTUD2"	"HGNC:30858"	"elongation factor Tu GTP binding domain containing 2 [Source:HGNC Symbol;Acc:HGNC:30858]"
"EHMT1"	"HGNC:24650"	"euchromatic histone lysine methyltransferase 1 [Source:HGNC Symbol;Acc:HGNC:24650]"
"EIF2AK4"	"HGNC:19687"	"eukaryotic translation initiation factor 2 alpha kinase 4 [Source:HGNC Symbol;Acc:HGNC:19687]"
"EIF2B2"	"HGNC:3258"	"eukaryotic translation initiation factor 2B subunit beta [Source:HGNC Symbol;Acc:HGNC:3258]"
"ELAC2"	"HGNC:14198"	"elaC ribonuclease Z 2 [Source:HGNC Symbol;Acc:HGNC:14198]"
"ELN"	"HGNC:3327"	"elastin [Source:HGNC Symbol;Acc:HGNC:3327]"
"ELP1"	"HGNC:5959"	"elongator acetyltransferase complex subunit 1 [Source:HGNC Symbol;Acc:HGNC:5959]"
"EMD"	"HGNC:3331"	"emerin [Source:HGNC Symbol;Acc:HGNC:3331]"
"EML1"	"HGNC:3330"	"EMAP like 1 [Source:HGNC Symbol;Acc:HGNC:3330]"
"ENG"	"HGNC:3349"	"endoglin [Source:HGNC Symbol;Acc:HGNC:3349]"
"ENPP1"	"HGNC:3356"	"ectonucleotide pyrophosphatase/phosphodiesterase 1 [Source:HGNC Symbol;Acc:HGNC:3356]"
"EP300"	"HGNC:3373"	"E1A binding protein p300 [Source:HGNC Symbol;Acc:HGNC:3373]"
"EPB42"	"HGNC:3381"	"erythrocyte membrane protein band 4.2 [Source:HGNC Symbol;Acc:HGNC:3381]"
"EPG5"	"HGNC:29331"	"ectopic P-granules 5 autophagy tethering factor [Source:HGNC Symbol;Acc:HGNC:29331]"
"EPHB4"	"HGNC:3395"	"EPH receptor B4 [Source:HGNC Symbol;Acc:HGNC:3395]"
"ERCC1"	"HGNC:3433"	"ERCC excision repair 1, endonuclease non-catalytic subunit [Source:HGNC Symbol;Acc:HGNC:3433]"
"ERCC2"	"HGNC:3434"	"ERCC excision repair 2, TFIIH core complex helicase subunit [Source:HGNC Symbol;Acc:HGNC:3434]"
"ERCC6"	"HGNC:3438"	"ERCC excision repair 6, chromatin remodeling factor [Source:HGNC Symbol;Acc:HGNC:3438]"
"ERF"	"HGNC:3444"	"ETS2 repressor factor [Source:HGNC Symbol;Acc:HGNC:3444]"
"ETFA"	"HGNC:3481"	"electron transfer flavoprotein subunit alpha [Source:HGNC Symbol;Acc:HGNC:3481]"
"ETFDH"	"HGNC:3483"	"electron transfer flavoprotein dehydrogenase [Source:HGNC Symbol;Acc:HGNC:3483]"
"ETHE1"	"HGNC:23287"	"ETHE1 persulfide dioxygenase [Source:HGNC Symbol;Acc:HGNC:23287]"
"ETV6"	"HGNC:3495"	"ETS variant transcription factor 6 [Source:HGNC Symbol;Acc:HGNC:3495]"
"EVC"	"HGNC:3497"	"EvC ciliary complex subunit 1 [Source:HGNC Symbol;Acc:HGNC:3497]"
"EVC2"	"HGNC:19747"	"EvC ciliary complex subunit 2 [Source:HGNC Symbol;Acc:HGNC:19747]"
"EXT1"	"HGNC:3512"	"exostosin glycosyltransferase 1 [Source:HGNC Symbol;Acc:HGNC:3512]"
"EXT2"	"HGNC:3513"	"exostosin glycosyltransferase 2 [Source:HGNC Symbol;Acc:HGNC:3513]"
"EYA1"	"HGNC:3519"	"EYA transcriptional coactivator and phosphatase 1 [Source:HGNC Symbol;Acc:HGNC:3519]"
"EYA4"	"HGNC:3522"	"EYA transcriptional coactivator and phosphatase 4 [Source:HGNC Symbol;Acc:HGNC:3522]"
"EYS"	"HGNC:21555"	"eyes shut homolog [Source:HGNC Symbol;Acc:HGNC:21555]"
"F12"	"HGNC:3530"	"coagulation factor XII [Source:HGNC Symbol;Acc:HGNC:3530]"
"F13A1"	"HGNC:3531"	"coagulation factor XIII A chain [Source:HGNC Symbol;Acc:HGNC:3531]"
"F7"	"HGNC:3544"	"coagulation factor VII [Source:HGNC Symbol;Acc:HGNC:3544]"
"FA2H"	"HGNC:21197"	"fatty acid 2-hydroxylase [Source:HGNC Symbol;Acc:HGNC:21197]"
"FAH"	"HGNC:3579"	"fumarylacetoacetate hydrolase [Source:HGNC Symbol;Acc:HGNC:3579]"
"FANCA"	"HGNC:3582"	"FA complementation group A [Source:HGNC Symbol;Acc:HGNC:3582]"
"FANCC"	"HGNC:3584"	"FA complementation group C [Source:HGNC Symbol;Acc:HGNC:3584]"
"FANCD2"	"HGNC:3585"	"FA complementation group D2 [Source:HGNC Symbol;Acc:HGNC:3585]"
"FANCG"	"HGNC:3588"	"FA complementation group G [Source:HGNC Symbol;Acc:HGNC:3588]"
"FANCI"	"HGNC:25568"	"FA complementation group I [Source:HGNC Symbol;Acc:HGNC:25568]"
"FANCL"	"HGNC:20748"	"FA complementation group L [Source:HGNC Symbol;Acc:HGNC:20748]"
"FANCM"	"HGNC:23168"	"FA complementation group M [Source:HGNC Symbol;Acc:HGNC:23168]"
"FARS2"	"HGNC:21062"	"phenylalanyl-tRNA synthetase 2, mitochondrial [Source:HGNC Symbol;Acc:HGNC:21062]"
"FARSB"	"HGNC:17800"	"phenylalanyl-tRNA synthetase subunit beta [Source:HGNC Symbol;Acc:HGNC:17800]"
"FASTKD2"	"HGNC:29160"	"FAST kinase domains 2 [Source:HGNC Symbol;Acc:HGNC:29160]"
"FAT4"	"HGNC:23109"	"FAT atypical cadherin 4 [Source:HGNC Symbol;Acc:HGNC:23109]"
"FBN1"	"HGNC:3603"	"fibrillin 1 [Source:HGNC Symbol;Acc:HGNC:3603]"
"FBP1"	"HGNC:3606"	"fructose-bisphosphatase 1 [Source:HGNC Symbol;Acc:HGNC:3606]"
"FBXO11"	"HGNC:13590"	"F-box protein 11 [Source:HGNC Symbol;Acc:HGNC:13590]"
"FERMT1"	"HGNC:15889"	"FERM domain containing kindlin 1 [Source:HGNC Symbol;Acc:HGNC:15889]"
"FGF10"	"HGNC:3666"	"fibroblast growth factor 10 [Source:HGNC Symbol;Acc:HGNC:3666]"
"FGF14"	"HGNC:3671"	"fibroblast growth factor 14 [Source:HGNC Symbol;Acc:HGNC:3671]"
"FGFR1"	"HGNC:3688"	"fibroblast growth factor receptor 1 [Source:HGNC Symbol;Acc:HGNC:3688]"
"FH"	"HGNC:3700"	"fumarate hydratase [Source:HGNC Symbol;Acc:HGNC:3700]"
"FIG4"	"HGNC:16873"	"FIG4 phosphoinositide 5-phosphatase [Source:HGNC Symbol;Acc:HGNC:16873]"
"FKBP10"	"HGNC:18169"	"FKBP prolyl isomerase 10 [Source:HGNC Symbol;Acc:HGNC:18169]"
"FKTN"	"HGNC:3622"	"fukutin [Source:HGNC Symbol;Acc:HGNC:3622]"
"FLCN"	"HGNC:27310"	"folliculin [Source:HGNC Symbol;Acc:HGNC:27310]"
"FLNA"	"HGNC:3754"	"filamin A [Source:HGNC Symbol;Acc:HGNC:3754]"
"FLNB"	"HGNC:3755"	"filamin B [Source:HGNC Symbol;Acc:HGNC:3755]"
"FLNC"	"HGNC:3756"	"filamin C [Source:HGNC Symbol;Acc:HGNC:3756]"
"FOLR1"	"HGNC:3791"	"folate receptor alpha [Source:HGNC Symbol;Acc:HGNC:3791]"
"FOXP1"	"HGNC:3823"	"forkhead box P1 [Source:HGNC Symbol;Acc:HGNC:3823]"
"FOXP2"	"HGNC:13875"	"forkhead box P2 [Source:HGNC Symbol;Acc:HGNC:13875]"
"FOXRED1"	"HGNC:26927"	"FAD dependent oxidoreductase domain containing 1 [Source:HGNC Symbol;Acc:HGNC:26927]"
"FRAS1"	"HGNC:19185"	"Fraser extracellular matrix complex subunit 1 [Source:HGNC Symbol;Acc:HGNC:19185]"
"FREM1"	"HGNC:23399"	"FRAS1 related extracellular matrix 1 [Source:HGNC Symbol;Acc:HGNC:23399]"
"FRMD7"	"HGNC:8079"	"FERM domain containing 7 [Source:HGNC Symbol;Acc:HGNC:8079]"
"FRRS1L"	"HGNC:1362"	"ferric chelate reductase 1 like [Source:HGNC Symbol;Acc:HGNC:1362]"
"FYCO1"	"HGNC:14673"	"FYVE and coiled-coil domain autophagy adaptor 1 [Source:HGNC Symbol;Acc:HGNC:14673]"
"FZD4"	"HGNC:4042"	"frizzled class receptor 4 [Source:HGNC Symbol;Acc:HGNC:4042]"
"GAA"	"HGNC:4065"	"alpha glucosidase [Source:HGNC Symbol;Acc:HGNC:4065]"
"GABRB3"	"HGNC:4083"	"gamma-aminobutyric acid type A receptor subunit beta3 [Source:HGNC Symbol;Acc:HGNC:4083]"
"GALC"	"HGNC:4115"	"galactosylceramidase [Source:HGNC Symbol;Acc:HGNC:4115]"
"GALNT3"	"HGNC:4125"	"polypeptide N-acetylgalactosaminyltransferase 3 [Source:HGNC Symbol;Acc:HGNC:4125]"
"GALT"	"HGNC:4135"	"galactose-1-phosphate uridylyltransferase [Source:HGNC Symbol;Acc:HGNC:4135]"
"GAN"	"HGNC:4137"	"gigaxonin [Source:HGNC Symbol;Acc:HGNC:4137]"
"GARS1"	"HGNC:4162"	"glycyl-tRNA synthetase 1 [Source:HGNC Symbol;Acc:HGNC:4162]"
"GAS8"	"HGNC:4166"	"growth arrest specific 8 [Source:HGNC Symbol;Acc:HGNC:4166]"
"GATA3"	"HGNC:4172"	"GATA binding protein 3 [Source:HGNC Symbol;Acc:HGNC:4172]"
"GATA4"	"HGNC:4173"	"GATA binding protein 4 [Source:HGNC Symbol;Acc:HGNC:4173]"
"GATAD2B"	"HGNC:30778"	"GATA zinc finger domain containing 2B [Source:HGNC Symbol;Acc:HGNC:30778]"
"GATM"	"HGNC:4175"	"glycine amidinotransferase [Source:HGNC Symbol;Acc:HGNC:4175]"
"GBA1"	"HGNC:4177"	"glucosylceramidase beta 1 [Source:HGNC Symbol;Acc:HGNC:4177]"
"GBA2"	"HGNC:18986"	"glucosylceramidase beta 2 [Source:HGNC Symbol;Acc:HGNC:18986]"
"GBE1"	"HGNC:4180"	"1,4-alpha-glucan branching enzyme 1 [Source:HGNC Symbol;Acc:HGNC:4180]"
"GCDH"	"HGNC:4189"	"glutaryl-CoA dehydrogenase [Source:HGNC Symbol;Acc:HGNC:4189]"
"GCH1"	"HGNC:4193"	"GTP cyclohydrolase 1 [Source:HGNC Symbol;Acc:HGNC:4193]"
"GCK"	"HGNC:4195"	"glucokinase [Source:HGNC Symbol;Acc:HGNC:4195]"
"GH1"	"HGNC:4261"	"growth hormone 1 [Source:HGNC Symbol;Acc:HGNC:4261]"
"GHR"	"HGNC:4263"	"growth hormone receptor [Source:HGNC Symbol;Acc:HGNC:4263]"
"GHRHR"	"HGNC:4266"	"growth hormone releasing hormone receptor [Source:HGNC Symbol;Acc:HGNC:4266]"
"GIPC3"	"HGNC:18183"	"GIPC PDZ domain containing family member 3 [Source:HGNC Symbol;Acc:HGNC:18183]"
"GJB2"	"HGNC:4284"	"gap junction protein beta 2 [Source:HGNC Symbol;Acc:HGNC:4284]"
"GK"	"HGNC:4289"	"glycerol kinase [Source:HGNC Symbol;Acc:HGNC:4289]"
"GLA"	"HGNC:4296"	"galactosidase alpha [Source:HGNC Symbol;Acc:HGNC:4296]"
"GLB1"	"HGNC:4298"	"galactosidase beta 1 [Source:HGNC Symbol;Acc:HGNC:4298]"
"GLDC"	"HGNC:4313"	"glycine decarboxylase [Source:HGNC Symbol;Acc:HGNC:4313]"
"GLDN"	"HGNC:29514"	"gliomedin [Source:HGNC Symbol;Acc:HGNC:29514]"
"GLE1"	"HGNC:4315"	"GLE1 RNA export mediator [Source:HGNC Symbol;Acc:HGNC:4315]"
"GLI2"	"HGNC:4318"	"GLI family zinc finger 2 [Source:HGNC Symbol;Acc:HGNC:4318]"
"GLI3"	"HGNC:4319"	"GLI family zinc finger 3 [Source:HGNC Symbol;Acc:HGNC:4319]"
"GLRA1"	"HGNC:4326"	"glycine receptor alpha 1 [Source:HGNC Symbol;Acc:HGNC:4326]"
"GM2A"	"HGNC:4367"	"ganglioside GM2 activator [Source:HGNC Symbol;Acc:HGNC:4367]"
"GMPPB"	"HGNC:22932"	"GDP-mannose pyrophosphorylase B [Source:HGNC Symbol;Acc:HGNC:22932]"
"GNAS"	"HGNC:4392"	"GNAS complex locus [Source:HGNC Symbol;Acc:HGNC:4392]"
"GNB1"	"HGNC:4396"	"G protein subunit beta 1 [Source:HGNC Symbol;Acc:HGNC:4396]"
"GNPAT"	"HGNC:4416"	"glyceronephosphate O-acyltransferase [Source:HGNC Symbol;Acc:HGNC:4416]"
"GNPTAB"	"HGNC:29670"	"N-acetylglucosamine-1-phosphate transferase subunits alpha and beta [Source:HGNC Symbol;Acc:HGNC:29670]"
"GOSR2"	"HGNC:4431"	"golgi SNAP receptor complex member 2 [Source:HGNC Symbol;Acc:HGNC:4431]"
"GPAA1"	"HGNC:4446"	"glycosylphosphatidylinositol anchor attachment 1 [Source:HGNC Symbol;Acc:HGNC:4446]"
"GPHN"	"HGNC:15465"	"gephyrin [Source:HGNC Symbol;Acc:HGNC:15465]"
"GPSM2"	"HGNC:29501"	"G protein signaling modulator 2 [Source:HGNC Symbol;Acc:HGNC:29501]"
"GRIN2A"	"HGNC:4585"	"glutamate ionotropic receptor NMDA type subunit 2A [Source:HGNC Symbol;Acc:HGNC:4585]"
"GRIN2B"	"HGNC:4586"	"glutamate ionotropic receptor NMDA type subunit 2B [Source:HGNC Symbol;Acc:HGNC:4586]"
"GRM6"	"HGNC:4598"	"glutamate metabotropic receptor 6 [Source:HGNC Symbol;Acc:HGNC:4598]"
"GRN"	"HGNC:4601"	"granulin precursor [Source:HGNC Symbol;Acc:HGNC:4601]"
"GRXCR1"	"HGNC:31673"	"glutaredoxin and cysteine rich domain containing 1 [Source:HGNC Symbol;Acc:HGNC:31673]"
"GTPBP3"	"HGNC:14880"	"GTP binding protein 3, mitochondrial [Source:HGNC Symbol;Acc:HGNC:14880]"
"GUCY2D"	"HGNC:4689"	"guanylate cyclase 2D, retinal [Source:HGNC Symbol;Acc:HGNC:4689]"
"GYS2"	"HGNC:4707"	"glycogen synthase 2 [Source:HGNC Symbol;Acc:HGNC:4707]"
"HAAO"	"HGNC:4796"	"3-hydroxyanthranilate 3,4-dioxygenase [Source:HGNC Symbol;Acc:HGNC:4796]"
"HACE1"	"HGNC:21033"	"HECT domain and ankyrin repeat containing E3 ubiquitin protein ligase 1 [Source:HGNC Symbol;Acc:HGNC:21033]"
"HADHA"	"HGNC:4801"	"hydroxyacyl-CoA dehydrogenase trifunctional multienzyme complex subunit alpha [Source:HGNC Symbol;Acc:HGNC:4801]"
"HADHB"	"HGNC:4803"	"hydroxyacyl-CoA dehydrogenase trifunctional multienzyme complex subunit beta [Source:HGNC Symbol;Acc:HGNC:4803]"
"HARS2"	"HGNC:4817"	"histidyl-tRNA synthetase 2, mitochondrial [Source:HGNC Symbol;Acc:HGNC:4817]"
"HBB"	"HGNC:4827"	"hemoglobin subunit beta [Source:HGNC Symbol;Acc:HGNC:4827]"
"HCCS"	"HGNC:4837"	"holocytochrome c synthase [Source:HGNC Symbol;Acc:HGNC:4837]"
"HDAC8"	"HGNC:13315"	"histone deacetylase 8 [Source:HGNC Symbol;Acc:HGNC:13315]"
"HEPACAM"	"HGNC:26361"	"hepatic and glial cell adhesion molecule [Source:HGNC Symbol;Acc:HGNC:26361]"
"HERC1"	"HGNC:4867"	"HECT and RLD domain containing E3 ubiquitin protein ligase family member 1 [Source:HGNC Symbol;Acc:HGNC:4867]"
"HERC2"	"HGNC:4868"	"HECT and RLD domain containing E3 ubiquitin protein ligase 2 [Source:HGNC Symbol;Acc:HGNC:4868]"
"HESX1"	"HGNC:4877"	"HESX homeobox 1 [Source:HGNC Symbol;Acc:HGNC:4877]"
"HEXA"	"HGNC:4878"	"hexosaminidase subunit alpha [Source:HGNC Symbol;Acc:HGNC:4878]"
"HEXB"	"HGNC:4879"	"hexosaminidase subunit beta [Source:HGNC Symbol;Acc:HGNC:4879]"
"HGSNAT"	"HGNC:26527"	"heparan-alpha-glucosaminide N-acetyltransferase [Source:HGNC Symbol;Acc:HGNC:26527]"
"HIVEP2"	"HGNC:4921"	"HIVEP zinc finger 2 [Source:HGNC Symbol;Acc:HGNC:4921]"
"HMGCL"	"HGNC:5005"	"3-hydroxy-3-methylglutaryl-CoA lyase [Source:HGNC Symbol;Acc:HGNC:5005]"
"HNF1A"	"HGNC:11621"	"HNF1 homeobox A [Source:HGNC Symbol;Acc:HGNC:11621]"
"HNF1B"	"HGNC:11630"	"HNF1 homeobox B [Source:HGNC Symbol;Acc:HGNC:11630]"
"HNF4A"	"HGNC:5024"	"hepatocyte nuclear factor 4 alpha [Source:HGNC Symbol;Acc:HGNC:5024]"
"HNRNPK"	"HGNC:5044"	"heterogeneous nuclear ribonucleoprotein K [Source:HGNC Symbol;Acc:HGNC:5044]"
"HNRNPR"	"HGNC:5047"	"heterogeneous nuclear ribonucleoprotein R [Source:HGNC Symbol;Acc:HGNC:5047]"
"HNRNPU"	"HGNC:5048"	"heterogeneous nuclear ribonucleoprotein U [Source:HGNC Symbol;Acc:HGNC:5048]"
"HPRT1"	"HGNC:5157"	"hypoxanthine phosphoribosyltransferase 1 [Source:HGNC Symbol;Acc:HGNC:5157]"
"HPS4"	"HGNC:15844"	"HPS4 biogenesis of lysosomal organelles complex 3 subunit 2 [Source:HGNC Symbol;Acc:HGNC:15844]"
"HPS5"	"HGNC:17022"	"HPS5 biogenesis of lysosomal organelles complex 2 subunit 2 [Source:HGNC Symbol;Acc:HGNC:17022]"
"HSD17B3"	"HGNC:5212"	"hydroxysteroid 17-beta dehydrogenase 3 [Source:HGNC Symbol;Acc:HGNC:5212]"
"HSD17B4"	"HGNC:5213"	"hydroxysteroid 17-beta dehydrogenase 4 [Source:HGNC Symbol;Acc:HGNC:5213]"
"HSPG2"	"HGNC:5273"	"heparan sulfate proteoglycan 2 [Source:HGNC Symbol;Acc:HGNC:5273]"
"HTRA1"	"HGNC:9476"	"HtrA serine peptidase 1 [Source:HGNC Symbol;Acc:HGNC:9476]"
"IDS"	"HGNC:5389"	"iduronate 2-sulfatase [Source:HGNC Symbol;Acc:HGNC:5389]"
"IDUA"	"HGNC:5391"	"alpha-L-iduronidase [Source:HGNC Symbol;Acc:HGNC:5391]"
"IFT140"	"HGNC:29077"	"intraflagellar transport 140 [Source:HGNC Symbol;Acc:HGNC:29077]"
"IFT172"	"HGNC:30391"	"intraflagellar transport 172 [Source:HGNC Symbol;Acc:HGNC:30391]"
"IGF1R"	"HGNC:5465"	"insulin like growth factor 1 receptor [Source:HGNC Symbol;Acc:HGNC:5465]"
"IGHMBP2"	"HGNC:5542"	"immunoglobulin mu DNA binding protein 2 [Source:HGNC Symbol;Acc:HGNC:5542]"
"IKBKG"	"HGNC:5961"	"inhibitor of nuclear factor kappa B kinase regulatory subunit gamma [Source:HGNC Symbol;Acc:HGNC:5961]"
"IL10RB"	"HGNC:5965"	"interleukin 10 receptor subunit beta [Source:HGNC Symbol;Acc:HGNC:5965]"
"IL1RAPL1"	"HGNC:5996"	"interleukin 1 receptor accessory protein like 1 [Source:HGNC Symbol;Acc:HGNC:5996]"
"IL2RG"	"HGNC:6010"	"interleukin 2 receptor subunit gamma [Source:HGNC Symbol;Acc:HGNC:6010]"
"ILDR1"	"HGNC:28741"	"immunoglobulin like domain containing receptor 1 [Source:HGNC Symbol;Acc:HGNC:28741]"
"INPPL1"	"HGNC:6080"	"inositol polyphosphate phosphatase like 1 [Source:HGNC Symbol;Acc:HGNC:6080]"
"INSR"	"HGNC:6091"	"insulin receptor [Source:HGNC Symbol;Acc:HGNC:6091]"
"INTS1"	"HGNC:24555"	"integrator complex subunit 1 [Source:HGNC Symbol;Acc:HGNC:24555]"
"IQSEC2"	"HGNC:29059"	"IQ motif and Sec7 domain ArfGEF 2 [Source:HGNC Symbol;Acc:HGNC:29059]"
"IRF6"	"HGNC:6121"	"interferon regulatory factor 6 [Source:HGNC Symbol;Acc:HGNC:6121]"
"ITCH"	"HGNC:13890"	"itchy E3 ubiquitin protein ligase [Source:HGNC Symbol;Acc:HGNC:13890]"
"ITGA2B"	"HGNC:6138"	"integrin subunit alpha 2b [Source:HGNC Symbol;Acc:HGNC:6138]"
"ITGA7"	"HGNC:6143"	"integrin subunit alpha 7 [Source:HGNC Symbol;Acc:HGNC:6143]"
"ITGB4"	"HGNC:6158"	"integrin subunit beta 4 [Source:HGNC Symbol;Acc:HGNC:6158]"
"ITPA"	"HGNC:6176"	"inosine triphosphatase [Source:HGNC Symbol;Acc:HGNC:6176]"
"ITPR1"	"HGNC:6180"	"inositol 1,4,5-trisphosphate receptor type 1 [Source:HGNC Symbol;Acc:HGNC:6180]"
"IVD"	"HGNC:6186"	"isovaleryl-CoA dehydrogenase [Source:HGNC Symbol;Acc:HGNC:6186]"
"JAG1"	"HGNC:6188"	"jagged canonical Notch ligand 1 [Source:HGNC Symbol;Acc:HGNC:6188]"
"KANSL1"	"HGNC:24565"	"KAT8 regulatory NSL complex subunit 1 [Source:HGNC Symbol;Acc:HGNC:24565]"
"KAT6A"	"HGNC:13013"	"lysine acetyltransferase 6A [Source:HGNC Symbol;Acc:HGNC:13013]"
"KAT6B"	"HGNC:17582"	"lysine acetyltransferase 6B [Source:HGNC Symbol;Acc:HGNC:17582]"
"KCNH2"	"HGNC:6251"	"potassium voltage-gated channel subfamily H member 2 [Source:HGNC Symbol;Acc:HGNC:6251]"
"KCNMA1"	"HGNC:6284"	"potassium calcium-activated channel subfamily M alpha 1 [Source:HGNC Symbol;Acc:HGNC:6284]"
"KCNQ1"	"HGNC:6294"	"potassium voltage-gated channel subfamily Q member 1 [Source:HGNC Symbol;Acc:HGNC:6294]"
"KCNQ2"	"HGNC:6296"	"potassium voltage-gated channel subfamily Q member 2 [Source:HGNC Symbol;Acc:HGNC:6296]"
"KDM3B"	"HGNC:1337"	"lysine demethylase 3B [Source:HGNC Symbol;Acc:HGNC:1337]"
"KDM5B"	"HGNC:18039"	"lysine demethylase 5B [Source:HGNC Symbol;Acc:HGNC:18039]"
"KDM5C"	"HGNC:11114"	"lysine demethylase 5C [Source:HGNC Symbol;Acc:HGNC:11114]"
"KDM6A"	"HGNC:12637"	"lysine demethylase 6A [Source:HGNC Symbol;Acc:HGNC:12637]"
"KDM6B"	"HGNC:29012"	"lysine demethylase 6B [Source:HGNC Symbol;Acc:HGNC:29012]"
"KIAA0586"	"HGNC:19960"	"KIAA0586 [Source:HGNC Symbol;Acc:HGNC:19960]"
"KIF11"	"HGNC:6388"	"kinesin family member 11 [Source:HGNC Symbol;Acc:HGNC:6388]"
"KIF1A"	"HGNC:888"	"kinesin family member 1A [Source:HGNC Symbol;Acc:HGNC:888]"
"KIF5A"	"HGNC:6323"	"kinesin family member 5A [Source:HGNC Symbol;Acc:HGNC:6323]"
"KIF7"	"HGNC:30497"	"kinesin family member 7 [Source:HGNC Symbol;Acc:HGNC:30497]"
"KLHL7"	"HGNC:15646"	"kelch like family member 7 [Source:HGNC Symbol;Acc:HGNC:15646]"
"KLKB1"	"HGNC:6371"	"kallikrein B1 [Source:HGNC Symbol;Acc:HGNC:6371]"
"KMT2A"	"HGNC:7132"	"lysine methyltransferase 2A [Source:HGNC Symbol;Acc:HGNC:7132]"
"KMT2B"	"HGNC:15840"	"lysine methyltransferase 2B [Source:HGNC Symbol;Acc:HGNC:15840]"
"KMT2C"	"HGNC:13726"	"lysine methyltransferase 2C [Source:HGNC Symbol;Acc:HGNC:13726]"
"KMT2D"	"HGNC:7133"	"lysine methyltransferase 2D [Source:HGNC Symbol;Acc:HGNC:7133]"
"KMT2E"	"HGNC:18541"	"lysine methyltransferase 2E (inactive) [Source:HGNC Symbol;Acc:HGNC:18541]"
"KPTN"	"HGNC:6404"	"kaptin, actin binding protein [Source:HGNC Symbol;Acc:HGNC:6404]"
"KRIT1"	"HGNC:1573"	"KRIT1 ankyrin repeat containing [Source:HGNC Symbol;Acc:HGNC:1573]"
"KRT10"	"HGNC:6413"	"keratin 10 [Source:HGNC Symbol;Acc:HGNC:6413]"
"KRT5"	"HGNC:6442"	"keratin 5 [Source:HGNC Symbol;Acc:HGNC:6442]"
"L1CAM"	"HGNC:6470"	"L1 cell adhesion molecule [Source:HGNC Symbol;Acc:HGNC:6470]"
"L2HGDH"	"HGNC:20499"	"L-2-hydroxyglutarate dehydrogenase [Source:HGNC Symbol;Acc:HGNC:20499]"
"LAMA1"	"HGNC:6481"	"laminin subunit alpha 1 [Source:HGNC Symbol;Acc:HGNC:6481]"
"LAMA2"	"HGNC:6482"	"laminin subunit alpha 2 [Source:HGNC Symbol;Acc:HGNC:6482]"
"LAMA3"	"HGNC:6483"	"laminin subunit alpha 3 [Source:HGNC Symbol;Acc:HGNC:6483]"
"LAMB1"	"HGNC:6486"	"laminin subunit beta 1 [Source:HGNC Symbol;Acc:HGNC:6486]"
"LAMB3"	"HGNC:6490"	"laminin subunit beta 3 [Source:HGNC Symbol;Acc:HGNC:6490]"
"LAMC3"	"HGNC:6494"	"laminin subunit gamma 3 [Source:HGNC Symbol;Acc:HGNC:6494]"
"LAMP2"	"HGNC:6501"	"lysosomal associated membrane protein 2 [Source:HGNC Symbol;Acc:HGNC:6501]"
"LARP7"	"HGNC:24912"	"La ribonucleoprotein 7, transcriptional regulator [Source:HGNC Symbol;Acc:HGNC:24912]"
"LARS2"	"HGNC:17095"	"leucyl-tRNA synthetase 2, mitochondrial [Source:HGNC Symbol;Acc:HGNC:17095]"
"LDLR"	"HGNC:6547"	"low density lipoprotein receptor [Source:HGNC Symbol;Acc:HGNC:6547]"
"LEMD3"	"HGNC:28887"	"LEM domain containing 3 [Source:HGNC Symbol;Acc:HGNC:28887]"
"LGI4"	"HGNC:18712"	"leucine rich repeat LGI family member 4 [Source:HGNC Symbol;Acc:HGNC:18712]"
"LINS1"	"HGNC:30922"	"lines homolog 1 [Source:HGNC Symbol;Acc:HGNC:30922]"
"LIPA"	"HGNC:6617"	"lipase A, lysosomal acid type [Source:HGNC Symbol;Acc:HGNC:6617]"
"LMNA"	"HGNC:6636"	"lamin A/C [Source:HGNC Symbol;Acc:HGNC:6636]"
"LMX1B"	"HGNC:6654"	"LIM homeobox transcription factor 1 beta [Source:HGNC Symbol;Acc:HGNC:6654]"
"LONP1"	"HGNC:9479"	"lon peptidase 1, mitochondrial [Source:HGNC Symbol;Acc:HGNC:9479]"
"LOXHD1"	"HGNC:26521"	"lipoxygenase homology PLAT domains 1 [Source:HGNC Symbol;Acc:HGNC:26521]"
"LPIN2"	"HGNC:14450"	"lipin 2 [Source:HGNC Symbol;Acc:HGNC:14450]"
"LRBA"	"HGNC:1742"	"LPS responsive beige-like anchor protein [Source:HGNC Symbol;Acc:HGNC:1742]"
"LRP2"	"HGNC:6694"	"LDL receptor related protein 2 [Source:HGNC Symbol;Acc:HGNC:6694]"
"LRP5"	"HGNC:6697"	"LDL receptor related protein 5 [Source:HGNC Symbol;Acc:HGNC:6697]"
"LRP6"	"HGNC:6698"	"LDL receptor related protein 6 [Source:HGNC Symbol;Acc:HGNC:6698]"
"LRPPRC"	"HGNC:15714"	"leucine rich pentatricopeptide repeat containing [Source:HGNC Symbol;Acc:HGNC:15714]"
"LSS"	"HGNC:6708"	"lanosterol synthase [Source:HGNC Symbol;Acc:HGNC:6708]"
"LTBP4"	"HGNC:6717"	"latent transforming growth factor beta binding protein 4 [Source:HGNC Symbol;Acc:HGNC:6717]"
"LZTR1"	"HGNC:6742"	"leucine zipper like post translational regulator 1 [Source:HGNC Symbol;Acc:HGNC:6742]"
"MAK"	"HGNC:6816"	"male germ cell associated kinase [Source:HGNC Symbol;Acc:HGNC:6816]"
"MAN2B1"	"HGNC:6826"	"mannosidase alpha class 2B member 1 [Source:HGNC Symbol;Acc:HGNC:6826]"
"MAOA"	"HGNC:6833"	"monoamine oxidase A [Source:HGNC Symbol;Acc:HGNC:6833]"
"MARVELD2"	"HGNC:26401"	"MARVEL domain containing 2 [Source:HGNC Symbol;Acc:HGNC:26401]"
"MASP1"	"HGNC:6901"	"MBL associated serine protease 1 [Source:HGNC Symbol;Acc:HGNC:6901]"
"MBD5"	"HGNC:20444"	"methyl-CpG binding domain protein 5 [Source:HGNC Symbol;Acc:HGNC:20444]"
"MCCC1"	"HGNC:6936"	"methylcrotonyl-CoA carboxylase subunit 1 [Source:HGNC Symbol;Acc:HGNC:6936]"
"MCM3AP"	"HGNC:6946"	"minichromosome maintenance complex component 3 associated protein [Source:HGNC Symbol;Acc:HGNC:6946]"
"MCOLN1"	"HGNC:13356"	"mucolipin TRP cation channel 1 [Source:HGNC Symbol;Acc:HGNC:13356]"
"MCPH1"	"HGNC:6954"	"microcephalin 1 [Source:HGNC Symbol;Acc:HGNC:6954]"
"MECP2"	"HGNC:6990"	"methyl-CpG binding protein 2 [Source:HGNC Symbol;Acc:HGNC:6990]"
"MECR"	"HGNC:19691"	"mitochondrial trans-2-enoyl-CoA reductase [Source:HGNC Symbol;Acc:HGNC:19691]"
"MED12"	"HGNC:11957"	"mediator complex subunit 12 [Source:HGNC Symbol;Acc:HGNC:11957]"
"MED12L"	"HGNC:16050"	"mediator complex subunit 12L [Source:HGNC Symbol;Acc:HGNC:16050]"
"MED13L"	"HGNC:22962"	"mediator complex subunit 13L [Source:HGNC Symbol;Acc:HGNC:22962]"
"MED17"	"HGNC:2375"	"mediator complex subunit 17 [Source:HGNC Symbol;Acc:HGNC:2375]"
"MED23"	"HGNC:2372"	"mediator complex subunit 23 [Source:HGNC Symbol;Acc:HGNC:2372]"
"MEF2C"	"HGNC:6996"	"myocyte enhancer factor 2C [Source:HGNC Symbol;Acc:HGNC:6996]"
"MEGF10"	"HGNC:29634"	"multiple EGF like domains 10 [Source:HGNC Symbol;Acc:HGNC:29634]"
"MEN1"	"HGNC:7010"	"menin 1 [Source:HGNC Symbol;Acc:HGNC:7010]"
"MERTK"	"HGNC:7027"	"MER proto-oncogene, tyrosine kinase [Source:HGNC Symbol;Acc:HGNC:7027]"
"MFRP"	"HGNC:18121"	"membrane frizzled-related protein [Source:HGNC Symbol;Acc:HGNC:18121]"
"MFSD8"	"HGNC:28486"	"major facilitator superfamily domain containing 8 [Source:HGNC Symbol;Acc:HGNC:28486]"
"MICU1"	"HGNC:1530"	"mitochondrial calcium uptake 1 [Source:HGNC Symbol;Acc:HGNC:1530]"
"MIPEP"	"HGNC:7104"	"mitochondrial intermediate peptidase [Source:HGNC Symbol;Acc:HGNC:7104]"
"MITF"	"HGNC:7105"	"melanocyte inducing transcription factor [Source:HGNC Symbol;Acc:HGNC:7105]"
"MKS1"	"HGNC:7121"	"MKS transition zone complex subunit 1 [Source:HGNC Symbol;Acc:HGNC:7121]"
"MLC1"	"HGNC:17082"	"modulator of VRAC current 1 [Source:HGNC Symbol;Acc:HGNC:17082]"
"MLH1"	"HGNC:7127"	"mutL homolog 1 [Source:HGNC Symbol;Acc:HGNC:7127]"
"MMACHC"	"HGNC:24525"	"metabolism of cobalamin associated C [Source:HGNC Symbol;Acc:HGNC:24525]"
"MME"	"HGNC:7154"	"membrane metalloendopeptidase [Source:HGNC Symbol;Acc:HGNC:7154]"
"MMUT"	"HGNC:7526"	"methylmalonyl-CoA mutase [Source:HGNC Symbol;Acc:HGNC:7526]"
"MOCS2"	"HGNC:7193"	"molybdenum cofactor synthesis 2 [Source:HGNC Symbol;Acc:HGNC:7193]"
"MPDZ"	"HGNC:7208"	"multiple PDZ domain crumbs cell polarity complex component [Source:HGNC Symbol;Acc:HGNC:7208]"
"MPI"	"HGNC:7216"	"mannose phosphate isomerase [Source:HGNC Symbol;Acc:HGNC:7216]"
"MPL"	"HGNC:7217"	"MPL proto-oncogene, thrombopoietin receptor [Source:HGNC Symbol;Acc:HGNC:7217]"
"MPO"	"HGNC:7218"	"myeloperoxidase [Source:HGNC Symbol;Acc:HGNC:7218]"
"MPV17"	"HGNC:7224"	"mitochondrial inner membrane protein MPV17 [Source:HGNC Symbol;Acc:HGNC:7224]"
"MPZL2"	"HGNC:3496"	"myelin protein zero like 2 [Source:HGNC Symbol;Acc:HGNC:3496]"
"MRE11"	"HGNC:7230"	"MRE11 homolog, double strand break repair nuclease [Source:HGNC Symbol;Acc:HGNC:7230]"
"MRPL3"	"HGNC:10379"	"mitochondrial ribosomal protein L3 [Source:HGNC Symbol;Acc:HGNC:10379]"
"MRPS22"	"HGNC:14508"	"mitochondrial ribosomal protein S22 [Source:HGNC Symbol;Acc:HGNC:14508]"
"MSH2"	"HGNC:7325"	"mutS homolog 2 [Source:HGNC Symbol;Acc:HGNC:7325]"
"MSH6"	"HGNC:7329"	"mutS homolog 6 [Source:HGNC Symbol;Acc:HGNC:7329]"
"MSTO1"	"HGNC:29678"	"misato mitochondrial distribution and morphology regulator 1 [Source:HGNC Symbol;Acc:HGNC:29678]"
"MTFMT"	"HGNC:29666"	"mitochondrial methionyl-tRNA formyltransferase [Source:HGNC Symbol;Acc:HGNC:29666]"
"MTHFD1"	"HGNC:7432"	"methylenetetrahydrofolate dehydrogenase, cyclohydrolase and formyltetrahydrofolate synthetase 1 [Source:HGNC Symbol;Acc:HGNC:7432]"
"MTHFR"	"HGNC:7436"	"methylenetetrahydrofolate reductase [Source:HGNC Symbol;Acc:HGNC:7436]"
"MTMR2"	"HGNC:7450"	"myotubularin related protein 2 [Source:HGNC Symbol;Acc:HGNC:7450]"
"MTR"	"HGNC:7468"	"5-methyltetrahydrofolate-homocysteine methyltransferase [Source:HGNC Symbol;Acc:HGNC:7468]"
"MTTP"	"HGNC:7467"	"microsomal triglyceride transfer protein [Source:HGNC Symbol;Acc:HGNC:7467]"
"MUSK"	"HGNC:7525"	"muscle associated receptor tyrosine kinase [Source:HGNC Symbol;Acc:HGNC:7525]"
"MUTYH"	"HGNC:7527"	"mutY DNA glycosylase [Source:HGNC Symbol;Acc:HGNC:7527]"
"MYBPC3"	"HGNC:7551"	"myosin binding protein C3 [Source:HGNC Symbol;Acc:HGNC:7551]"
"MYH11"	"HGNC:7569"	"myosin heavy chain 11 [Source:HGNC Symbol;Acc:HGNC:7569]"
"MYH14"	"HGNC:23212"	"myosin heavy chain 14 [Source:HGNC Symbol;Acc:HGNC:23212]"
"MYH2"	"HGNC:7572"	"myosin heavy chain 2 [Source:HGNC Symbol;Acc:HGNC:7572]"
"MYO15A"	"HGNC:7594"	"myosin XVA [Source:HGNC Symbol;Acc:HGNC:7594]"
"MYO18B"	"HGNC:18150"	"myosin XVIIIB [Source:HGNC Symbol;Acc:HGNC:18150]"
"MYO3A"	"HGNC:7601"	"myosin IIIA [Source:HGNC Symbol;Acc:HGNC:7601]"
"MYO6"	"HGNC:7605"	"myosin VI [Source:HGNC Symbol;Acc:HGNC:7605]"
"MYO7A"	"HGNC:7606"	"myosin VIIA [Source:HGNC Symbol;Acc:HGNC:7606]"
"MYRF"	"HGNC:1181"	"myelin regulatory factor [Source:HGNC Symbol;Acc:HGNC:1181]"
"MYSM1"	"HGNC:29401"	"Myb like, SWIRM and MPN domains 1 [Source:HGNC Symbol;Acc:HGNC:29401]"
"MYT1L"	"HGNC:7623"	"myelin transcription factor 1 like [Source:HGNC Symbol;Acc:HGNC:7623]"
"NAA15"	"HGNC:30782"	"N-alpha-acetyltransferase 15, NatA auxiliary subunit [Source:HGNC Symbol;Acc:HGNC:30782]"
"NAGLU"	"HGNC:7632"	"N-acetyl-alpha-glucosaminidase [Source:HGNC Symbol;Acc:HGNC:7632]"
"NALCN"	"HGNC:19082"	"sodium leak channel, non-selective [Source:HGNC Symbol;Acc:HGNC:19082]"
"NARS2"	"HGNC:26274"	"asparaginyl-tRNA synthetase 2, mitochondrial [Source:HGNC Symbol;Acc:HGNC:26274]"
"NBN"	"HGNC:7652"	"nibrin [Source:HGNC Symbol;Acc:HGNC:7652]"
"NCKAP1"	"HGNC:7666"	"NCK associated protein 1 [Source:HGNC Symbol;Acc:HGNC:7666]"
"NDUFAF5"	"HGNC:15899"	"NADH:ubiquinone oxidoreductase complex assembly factor 5 [Source:HGNC Symbol;Acc:HGNC:15899]"
"NDUFB11"	"HGNC:20372"	"NADH:ubiquinone oxidoreductase subunit B11 [Source:HGNC Symbol;Acc:HGNC:20372]"
"NDUFB3"	"HGNC:7698"	"NADH:ubiquinone oxidoreductase subunit B3 [Source:HGNC Symbol;Acc:HGNC:7698]"
"NDUFS1"	"HGNC:7707"	"NADH:ubiquinone oxidoreductase core subunit S1 [Source:HGNC Symbol;Acc:HGNC:7707]"
"NDUFS2"	"HGNC:7708"	"NADH:ubiquinone oxidoreductase core subunit S2 [Source:HGNC Symbol;Acc:HGNC:7708]"
"NDUFS6"	"HGNC:7713"	"NADH:ubiquinone oxidoreductase subunit S6 [Source:HGNC Symbol;Acc:HGNC:7713]"
"NEB"	"HGNC:7720"	"nebulin [Source:HGNC Symbol;Acc:HGNC:7720]"
"NEFL"	"HGNC:7739"	"neurofilament light chain [Source:HGNC Symbol;Acc:HGNC:7739]"
"NEK1"	"HGNC:7744"	"NIMA related kinase 1 [Source:HGNC Symbol;Acc:HGNC:7744]"
"NEXMIF"	"HGNC:29433"	"neurite extension and migration factor [Source:HGNC Symbol;Acc:HGNC:29433]"
"NF1"	"HGNC:7765"	"neurofibromin 1 [Source:HGNC Symbol;Acc:HGNC:7765]"
"NF2"	"HGNC:7773"	"NF2, moesin-ezrin-radixin like (MERLIN) tumor suppressor [Source:HGNC Symbol;Acc:HGNC:7773]"
"NFIA"	"HGNC:7784"	"nuclear factor I A [Source:HGNC Symbol;Acc:HGNC:7784]"
"NFIB"	"HGNC:7785"	"nuclear factor I B [Source:HGNC Symbol;Acc:HGNC:7785]"
"NFIX"	"HGNC:7788"	"nuclear factor I X [Source:HGNC Symbol;Acc:HGNC:7788]"
"NFKB1"	"HGNC:7794"	"nuclear factor kappa B subunit 1 [Source:HGNC Symbol;Acc:HGNC:7794]"
"NGLY1"	"HGNC:17646"	"N-glycanase 1 [Source:HGNC Symbol;Acc:HGNC:17646]"
"NIPBL"	"HGNC:28862"	"NIPBL cohesin loading factor [Source:HGNC Symbol;Acc:HGNC:28862]"
"NLGN4X"	"HGNC:14287"	"neuroligin 4 X-linked [Source:HGNC Symbol;Acc:HGNC:14287]"
"NONO"	"HGNC:7871"	"non-POU domain containing octamer binding [Source:HGNC Symbol;Acc:HGNC:7871]"
"NOTCH1"	"HGNC:7881"	"notch receptor 1 [Source:HGNC Symbol;Acc:HGNC:7881]"
"NOTCH2"	"HGNC:7882"	"notch receptor 2 [Source:HGNC Symbol;Acc:HGNC:7882]"
"NPC2"	"HGNC:14537"	"NPC intracellular cholesterol transporter 2 [Source:HGNC Symbol;Acc:HGNC:14537]"
"NPHP1"	"HGNC:7905"	"nephrocystin 1 [Source:HGNC Symbol;Acc:HGNC:7905]"
"NPHP4"	"HGNC:19104"	"nephrocystin 4 [Source:HGNC Symbol;Acc:HGNC:19104]"
"NPHS1"	"HGNC:7908"	"NPHS1 adhesion molecule, nephrin [Source:HGNC Symbol;Acc:HGNC:7908]"
"NPRL3"	"HGNC:14124"	"NPR3 like, GATOR1 complex subunit [Source:HGNC Symbol;Acc:HGNC:14124]"
"NR2E3"	"HGNC:7974"	"nuclear receptor subfamily 2 group E member 3 [Source:HGNC Symbol;Acc:HGNC:7974]"
"NR4A2"	"HGNC:7981"	"nuclear receptor subfamily 4 group A member 2 [Source:HGNC Symbol;Acc:HGNC:7981]"
"NRXN1"	"HGNC:8008"	"neurexin 1 [Source:HGNC Symbol;Acc:HGNC:8008]"
"NSD1"	"HGNC:14234"	"nuclear receptor binding SET domain protein 1 [Source:HGNC Symbol;Acc:HGNC:14234]"
"NSD2"	"HGNC:12766"	"nuclear receptor binding SET domain protein 2 [Source:HGNC Symbol;Acc:HGNC:12766]"
"NSUN2"	"HGNC:25994"	"NOP2/Sun RNA methyltransferase 2 [Source:HGNC Symbol;Acc:HGNC:25994]"
"NT5C2"	"HGNC:8022"	"5'-nucleotidase, cytosolic II [Source:HGNC Symbol;Acc:HGNC:8022]"
"NTHL1"	"HGNC:8028"	"nth like DNA glycosylase 1 [Source:HGNC Symbol;Acc:HGNC:8028]"
"NTRK1"	"HGNC:8031"	"neurotrophic receptor tyrosine kinase 1 [Source:HGNC Symbol;Acc:HGNC:8031]"
"NUBPL"	"HGNC:20278"	"NUBP iron-sulfur cluster assembly factor, mitochondrial [Source:HGNC Symbol;Acc:HGNC:20278]"
"NUS1"	"HGNC:21042"	"NUS1 dehydrodolichyl diphosphate synthase subunit [Source:HGNC Symbol;Acc:HGNC:21042]"
"OCA2"	"HGNC:8101"	"OCA2 melanosomal transmembrane protein [Source:HGNC Symbol;Acc:HGNC:8101]"
"OCLN"	"HGNC:8104"	"occludin [Source:HGNC Symbol;Acc:HGNC:8104]"
"OCRL"	"HGNC:8108"	"OCRL inositol polyphosphate-5-phosphatase [Source:HGNC Symbol;Acc:HGNC:8108]"
"ODAD2"	"HGNC:25583"	"outer dynein arm docking complex subunit 2 [Source:HGNC Symbol;Acc:HGNC:25583]"
"OFD1"	"HGNC:2567"	"OFD1 centriole and centriolar satellite protein [Source:HGNC Symbol;Acc:HGNC:2567]"
"OPA1"	"HGNC:8140"	"OPA1 mitochondrial dynamin like GTPase [Source:HGNC Symbol;Acc:HGNC:8140]"
"OPHN1"	"HGNC:8148"	"oligophrenin 1 [Source:HGNC Symbol;Acc:HGNC:8148]"
"OPLAH"	"HGNC:8149"	"5-oxoprolinase, ATP-hydrolysing [Source:HGNC Symbol;Acc:HGNC:8149]"
"OPTN"	"HGNC:17142"	"optineurin [Source:HGNC Symbol;Acc:HGNC:17142]"
"OTOA"	"HGNC:16378"	"otoancorin [Source:HGNC Symbol;Acc:HGNC:16378]"
"OTOG"	"HGNC:8516"	"otogelin [Source:HGNC Symbol;Acc:HGNC:8516]"
"OTOGL"	"HGNC:26901"	"otogelin like [Source:HGNC Symbol;Acc:HGNC:26901]"
"OTUD6B"	"HGNC:24281"	"OTU deubiquitinase 6B [Source:HGNC Symbol;Acc:HGNC:24281]"
"P3H1"	"HGNC:19316"	"prolyl 3-hydroxylase 1 [Source:HGNC Symbol;Acc:HGNC:19316]"
"P3H2"	"HGNC:19317"	"prolyl 3-hydroxylase 2 [Source:HGNC Symbol;Acc:HGNC:19317]"
"PAFAH1B1"	"HGNC:8574"	"platelet activating factor acetylhydrolase 1b regulatory subunit 1 [Source:HGNC Symbol;Acc:HGNC:8574]"
"PAH"	"HGNC:8582"	"phenylalanine hydroxylase [Source:HGNC Symbol;Acc:HGNC:8582]"
"PAK3"	"HGNC:8592"	"p21 (RAC1) activated kinase 3 [Source:HGNC Symbol;Acc:HGNC:8592]"
"PALB2"	"HGNC:26144"	"partner and localizer of BRCA2 [Source:HGNC Symbol;Acc:HGNC:26144]"
"PANK2"	"HGNC:15894"	"pantothenate kinase 2 [Source:HGNC Symbol;Acc:HGNC:15894]"
"PAX3"	"HGNC:8617"	"paired box 3 [Source:HGNC Symbol;Acc:HGNC:8617]"
"PAX6"	"HGNC:8620"	"paired box 6 [Source:HGNC Symbol;Acc:HGNC:8620]"
"PBX1"	"HGNC:8632"	"PBX homeobox 1 [Source:HGNC Symbol;Acc:HGNC:8632]"
"PCCA"	"HGNC:8653"	"propionyl-CoA carboxylase subunit alpha [Source:HGNC Symbol;Acc:HGNC:8653]"
"PCK1"	"HGNC:8724"	"phosphoenolpyruvate carboxykinase 1 [Source:HGNC Symbol;Acc:HGNC:8724]"
"PCNT"	"HGNC:16068"	"pericentrin [Source:HGNC Symbol;Acc:HGNC:16068]"
"PDCD10"	"HGNC:8761"	"programmed cell death 10 [Source:HGNC Symbol;Acc:HGNC:8761]"
"PDE6A"	"HGNC:8785"	"phosphodiesterase 6A [Source:HGNC Symbol;Acc:HGNC:8785]"
"PDE6B"	"HGNC:8786"	"phosphodiesterase 6B [Source:HGNC Symbol;Acc:HGNC:8786]"
"PDE6C"	"HGNC:8787"	"phosphodiesterase 6C [Source:HGNC Symbol;Acc:HGNC:8787]"
"PDGFB"	"HGNC:8800"	"platelet derived growth factor subunit B [Source:HGNC Symbol;Acc:HGNC:8800]"
"PDHA1"	"HGNC:8806"	"pyruvate dehydrogenase E1 subunit alpha 1 [Source:HGNC Symbol;Acc:HGNC:8806]"
"PEPD"	"HGNC:8840"	"peptidase D [Source:HGNC Symbol;Acc:HGNC:8840]"
"PET100"	"HGNC:40038"	"PET100 cytochrome c oxidase chaperone [Source:HGNC Symbol;Acc:HGNC:40038]"
"PEX1"	"HGNC:8850"	"peroxisomal biogenesis factor 1 [Source:HGNC Symbol;Acc:HGNC:8850]"
"PEX12"	"HGNC:8854"	"peroxisomal biogenesis factor 12 [Source:HGNC Symbol;Acc:HGNC:8854]"
"PEX19"	"HGNC:9713"	"peroxisomal biogenesis factor 19 [Source:HGNC Symbol;Acc:HGNC:9713]"
"PEX5"	"HGNC:9719"	"peroxisomal biogenesis factor 5 [Source:HGNC Symbol;Acc:HGNC:9719]"
"PEX7"	"HGNC:8860"	"peroxisomal biogenesis factor 7 [Source:HGNC Symbol;Acc:HGNC:8860]"
"PFKM"	"HGNC:8877"	"phosphofructokinase, muscle [Source:HGNC Symbol;Acc:HGNC:8877]"
"PGAP1"	"HGNC:25712"	"post-GPI attachment to proteins inositol deacylase 1 [Source:HGNC Symbol;Acc:HGNC:25712]"
"PHEX"	"HGNC:8918"	"phosphate regulating endopeptidase X-linked [Source:HGNC Symbol;Acc:HGNC:8918]"
"PHF21A"	"HGNC:24156"	"PHD finger protein 21A [Source:HGNC Symbol;Acc:HGNC:24156]"
"PHF6"	"HGNC:18145"	"PHD finger protein 6 [Source:HGNC Symbol;Acc:HGNC:18145]"
"PHF8"	"HGNC:20672"	"PHD finger protein 8 [Source:HGNC Symbol;Acc:HGNC:20672]"
"PHIP"	"HGNC:15673"	"pleckstrin homology domain interacting protein [Source:HGNC Symbol;Acc:HGNC:15673]"
"PHKA1"	"HGNC:8925"	"phosphorylase kinase regulatory subunit alpha 1 [Source:HGNC Symbol;Acc:HGNC:8925]"
"PHKA2"	"HGNC:8926"	"phosphorylase kinase regulatory subunit alpha 2 [Source:HGNC Symbol;Acc:HGNC:8926]"
"PHOX2B"	"HGNC:9143"	"paired like homeobox 2B [Source:HGNC Symbol;Acc:HGNC:9143]"
"PHYH"	"HGNC:8940"	"phytanoyl-CoA 2-hydroxylase [Source:HGNC Symbol;Acc:HGNC:8940]"
"PIEZO2"	"HGNC:26270"	"piezo type mechanosensitive ion channel component 2 [Source:HGNC Symbol;Acc:HGNC:26270]"
"PIGL"	"HGNC:8966"	"phosphatidylinositol glycan anchor biosynthesis class L [Source:HGNC Symbol;Acc:HGNC:8966]"
"PIGN"	"HGNC:8967"	"phosphatidylinositol glycan anchor biosynthesis class N [Source:HGNC Symbol;Acc:HGNC:8967]"
"PIGQ"	"HGNC:14135"	"phosphatidylinositol glycan anchor biosynthesis class Q [Source:HGNC Symbol;Acc:HGNC:14135]"
"PIGT"	"HGNC:14938"	"phosphatidylinositol glycan anchor biosynthesis class T [Source:HGNC Symbol;Acc:HGNC:14938]"
"PIK3R1"	"HGNC:8979"	"phosphoinositide-3-kinase regulatory subunit 1 [Source:HGNC Symbol;Acc:HGNC:8979]"
"PINK1"	"HGNC:14581"	"PTEN induced kinase 1 [Source:HGNC Symbol;Acc:HGNC:14581]"
"PKD1"	"HGNC:9008"	"polycystin 1, transient receptor potential channel interacting [Source:HGNC Symbol;Acc:HGNC:9008]"
"PKD2"	"HGNC:9009"	"polycystin 2, transient receptor potential cation channel [Source:HGNC Symbol;Acc:HGNC:9009]"
"PKHD1"	"HGNC:9016"	"PKHD1 ciliary IPT domain containing fibrocystin/polyductin [Source:HGNC Symbol;Acc:HGNC:9016]"
"PKLR"	"HGNC:9020"	"pyruvate kinase L/R [Source:HGNC Symbol;Acc:HGNC:9020]"
"PKP2"	"HGNC:9024"	"plakophilin 2 [Source:HGNC Symbol;Acc:HGNC:9024]"
"PLA2G6"	"HGNC:9039"	"phospholipase A2 group VI [Source:HGNC Symbol;Acc:HGNC:9039]"
"PLCB1"	"HGNC:15917"	"phospholipase C beta 1 [Source:HGNC Symbol;Acc:HGNC:15917]"
"PLEC"	"HGNC:9069"	"plectin [Source:HGNC Symbol;Acc:HGNC:9069]"
"PLEKHG5"	"HGNC:29105"	"pleckstrin homology and RhoGEF domain containing G5 [Source:HGNC Symbol;Acc:HGNC:29105]"
"PLOD1"	"HGNC:9081"	"procollagen-lysine,2-oxoglutarate 5-dioxygenase 1 [Source:HGNC Symbol;Acc:HGNC:9081]"
"PLOD3"	"HGNC:9083"	"procollagen-lysine,2-oxoglutarate 5-dioxygenase 3 [Source:HGNC Symbol;Acc:HGNC:9083]"
"PLP1"	"HGNC:9086"	"proteolipid protein 1 [Source:HGNC Symbol;Acc:HGNC:9086]"
"PLS3"	"HGNC:9091"	"plastin 3 [Source:HGNC Symbol;Acc:HGNC:9091]"
"PMM2"	"HGNC:9115"	"phosphomannomutase 2 [Source:HGNC Symbol;Acc:HGNC:9115]"
"PMS2"	"HGNC:9122"	"PMS1 homolog 2, mismatch repair system component [Source:HGNC Symbol;Acc:HGNC:9122]"
"PNKP"	"HGNC:9154"	"polynucleotide kinase 3'-phosphatase [Source:HGNC Symbol;Acc:HGNC:9154]"
"PNPLA6"	"HGNC:16268"	"patatin like phospholipase domain containing 6 [Source:HGNC Symbol;Acc:HGNC:16268]"
"PNPO"	"HGNC:30260"	"pyridoxamine 5'-phosphate oxidase [Source:HGNC Symbol;Acc:HGNC:30260]"
"PNPT1"	"HGNC:23166"	"polyribonucleotide nucleotidyltransferase 1 [Source:HGNC Symbol;Acc:HGNC:23166]"
"POC1A"	"HGNC:24488"	"POC1 centriolar protein A [Source:HGNC Symbol;Acc:HGNC:24488]"
"POC1B"	"HGNC:30836"	"POC1 centriolar protein B [Source:HGNC Symbol;Acc:HGNC:30836]"
"POGZ"	"HGNC:18801"	"pogo transposable element derived with ZNF domain [Source:HGNC Symbol;Acc:HGNC:18801]"
"POLE"	"HGNC:9177"	"DNA polymerase epsilon, catalytic subunit [Source:HGNC Symbol;Acc:HGNC:9177]"
"POLG"	"HGNC:9179"	"DNA polymerase gamma, catalytic subunit [Source:HGNC Symbol;Acc:HGNC:9179]"
"POLR3A"	"HGNC:30074"	"RNA polymerase III subunit A [Source:HGNC Symbol;Acc:HGNC:30074]"
"POLR3B"	"HGNC:30348"	"RNA polymerase III subunit B [Source:HGNC Symbol;Acc:HGNC:30348]"
"POMGNT1"	"HGNC:19139"	"protein O-linked mannose N-acetylglucosaminyltransferase 1 (beta 1,2-) [Source:HGNC Symbol;Acc:HGNC:19139]"
"POMT1"	"HGNC:9202"	"protein O-mannosyltransferase 1 [Source:HGNC Symbol;Acc:HGNC:9202]"
"POMT2"	"HGNC:19743"	"protein O-mannosyltransferase 2 [Source:HGNC Symbol;Acc:HGNC:19743]"
"POR"	"HGNC:9208"	"cytochrome p450 oxidoreductase [Source:HGNC Symbol;Acc:HGNC:9208]"
"POT1"	"HGNC:17284"	"protection of telomeres 1 [Source:HGNC Symbol;Acc:HGNC:17284]"
"POU1F1"	"HGNC:9210"	"POU class 1 homeobox 1 [Source:HGNC Symbol;Acc:HGNC:9210]"
"PPA2"	"HGNC:28883"	"inorganic pyrophosphatase 2 [Source:HGNC Symbol;Acc:HGNC:28883]"
"PPIB"	"HGNC:9255"	"peptidylprolyl isomerase B [Source:HGNC Symbol;Acc:HGNC:9255]"
"PPP3CA"	"HGNC:9314"	"protein phosphatase 3 catalytic subunit alpha [Source:HGNC Symbol;Acc:HGNC:9314]"
"PQBP1"	"HGNC:9330"	"polyglutamine binding protein 1 [Source:HGNC Symbol;Acc:HGNC:9330]"
"PRCD"	"HGNC:32528"	"photoreceptor disc component [Source:HGNC Symbol;Acc:HGNC:32528]"
"PRDM16"	"HGNC:14000"	"PR/SET domain 16 [Source:HGNC Symbol;Acc:HGNC:14000]"
"PRDM5"	"HGNC:9349"	"PR/SET domain 5 [Source:HGNC Symbol;Acc:HGNC:9349]"
"PRKAR1A"	"HGNC:9388"	"protein kinase cAMP-dependent type I regulatory subunit alpha [Source:HGNC Symbol;Acc:HGNC:9388]"
"PRKDC"	"HGNC:9413"	"protein kinase, DNA-activated, catalytic subunit [Source:HGNC Symbol;Acc:HGNC:9413]"
"PRKN"	"HGNC:8607"	"parkin RBR E3 ubiquitin protein ligase [Source:HGNC Symbol;Acc:HGNC:8607]"
"PRMT7"	"HGNC:25557"	"protein arginine methyltransferase 7 [Source:HGNC Symbol;Acc:HGNC:25557]"
"PROM1"	"HGNC:9454"	"prominin 1 [Source:HGNC Symbol;Acc:HGNC:9454]"
"PROS1"	"HGNC:9456"	"protein S [Source:HGNC Symbol;Acc:HGNC:9456]"
"PRPF31"	"HGNC:15446"	"pre-mRNA processing factor 31 [Source:HGNC Symbol;Acc:HGNC:15446]"
"PRUNE1"	"HGNC:13420"	"prune exopolyphosphatase 1 [Source:HGNC Symbol;Acc:HGNC:13420]"
"PSAT1"	"HGNC:19129"	"phosphoserine aminotransferase 1 [Source:HGNC Symbol;Acc:HGNC:19129]"
"PTCH1"	"HGNC:9585"	"patched 1 [Source:HGNC Symbol;Acc:HGNC:9585]"
"PTCHD1"	"HGNC:26392"	"patched domain containing 1 [Source:HGNC Symbol;Acc:HGNC:26392]"
"PTEN"	"HGNC:9588"	"phosphatase and tensin homolog [Source:HGNC Symbol;Acc:HGNC:9588]"
"PTPN11"	"HGNC:9644"	"protein tyrosine phosphatase non-receptor type 11 [Source:HGNC Symbol;Acc:HGNC:9644]"
"PTPRQ"	"HGNC:9679"	"protein tyrosine phosphatase receptor type Q [Source:HGNC Symbol;Acc:HGNC:9679]"
"PUF60"	"HGNC:17042"	"poly(U) binding splicing factor 60 [Source:HGNC Symbol;Acc:HGNC:17042]"
"PUM1"	"HGNC:14957"	"pumilio RNA binding family member 1 [Source:HGNC Symbol;Acc:HGNC:14957]"
"PUS7"	"HGNC:26033"	"pseudouridine synthase 7 [Source:HGNC Symbol;Acc:HGNC:26033]"
"PYCR1"	"HGNC:9721"	"pyrroline-5-carboxylate reductase 1 [Source:HGNC Symbol;Acc:HGNC:9721]"
"PYGM"	"HGNC:9726"	"glycogen phosphorylase, muscle associated [Source:HGNC Symbol;Acc:HGNC:9726]"
"QRICH1"	"HGNC:24713"	"glutamine rich 1 [Source:HGNC Symbol;Acc:HGNC:24713]"
"RAB3GAP1"	"HGNC:17063"	"RAB3 GTPase activating protein catalytic subunit 1 [Source:HGNC Symbol;Acc:HGNC:17063]"
"RAB3GAP2"	"HGNC:17168"	"RAB3 GTPase activating non-catalytic protein subunit 2 [Source:HGNC Symbol;Acc:HGNC:17168]"
"RAD21"	"HGNC:9811"	"RAD21 cohesin complex component [Source:HGNC Symbol;Acc:HGNC:9811]"
"RAD51C"	"HGNC:9820"	"RAD51 paralog C [Source:HGNC Symbol;Acc:HGNC:9820]"
"RAD51D"	"HGNC:9823"	"RAD51 paralog D [Source:HGNC Symbol;Acc:HGNC:9823]"
"RARS2"	"HGNC:21406"	"arginyl-tRNA synthetase 2, mitochondrial [Source:HGNC Symbol;Acc:HGNC:21406]"
"RASA1"	"HGNC:9871"	"RAS p21 protein activator 1 [Source:HGNC Symbol;Acc:HGNC:9871]"
"RB1"	"HGNC:9884"	"RB transcriptional corepressor 1 [Source:HGNC Symbol;Acc:HGNC:9884]"
"RBM10"	"HGNC:9896"	"RNA binding motif protein 10 [Source:HGNC Symbol;Acc:HGNC:9896]"
"RECQL"	"HGNC:9948"	"RecQ like helicase [Source:HGNC Symbol;Acc:HGNC:9948]"
"RECQL4"	"HGNC:9949"	"RecQ like helicase 4 [Source:HGNC Symbol;Acc:HGNC:9949]"
"REEP1"	"HGNC:25786"	"receptor accessory protein 1 [Source:HGNC Symbol;Acc:HGNC:25786]"
"RELN"	"HGNC:9957"	"reelin [Source:HGNC Symbol;Acc:HGNC:9957]"
"RET"	"HGNC:9967"	"ret proto-oncogene [Source:HGNC Symbol;Acc:HGNC:9967]"
"RFT1"	"HGNC:30220"	"RFT1 homolog [Source:HGNC Symbol;Acc:HGNC:30220]"
"RFX3"	"HGNC:9984"	"regulatory factor X3 [Source:HGNC Symbol;Acc:HGNC:9984]"
"RLBP1"	"HGNC:10024"	"retinaldehyde binding protein 1 [Source:HGNC Symbol;Acc:HGNC:10024]"
"RMND1"	"HGNC:21176"	"required for meiotic nuclear division 1 homolog [Source:HGNC Symbol;Acc:HGNC:21176]"
"RNASEH2B"	"HGNC:25671"	"ribonuclease H2 subunit B [Source:HGNC Symbol;Acc:HGNC:25671]"
"RORA"	"HGNC:10258"	"RAR related orphan receptor A [Source:HGNC Symbol;Acc:HGNC:10258]"
"RP1L1"	"HGNC:15946"	"RP1 like 1 [Source:HGNC Symbol;Acc:HGNC:15946]"
"RPE65"	"HGNC:10294"	"retinoid isomerohydrolase RPE65 [Source:HGNC Symbol;Acc:HGNC:10294]"
"RPGRIP1"	"HGNC:13436"	"RPGR interacting protein 1 [Source:HGNC Symbol;Acc:HGNC:13436]"
"RPL11"	"HGNC:10301"	"ribosomal protein L11 [Source:HGNC Symbol;Acc:HGNC:10301]"
"RPL35A"	"HGNC:10345"	"ribosomal protein L35a [Source:HGNC Symbol;Acc:HGNC:10345]"
"RPS19"	"HGNC:10402"	"ribosomal protein S19 [Source:HGNC Symbol;Acc:HGNC:10402]"
"RPS26"	"HGNC:10414"	"ribosomal protein S26 [Source:HGNC Symbol;Acc:HGNC:10414]"
"RPS6KA3"	"HGNC:10432"	"ribosomal protein S6 kinase A3 [Source:HGNC Symbol;Acc:HGNC:10432]"
"RRM2B"	"HGNC:17296"	"ribonucleotide reductase regulatory TP53 inducible subunit M2B [Source:HGNC Symbol;Acc:HGNC:17296]"
"RS1"	"HGNC:10457"	"retinoschisin 1 [Source:HGNC Symbol;Acc:HGNC:10457]"
"RSPH1"	"HGNC:12371"	"radial spoke head component 1 [Source:HGNC Symbol;Acc:HGNC:12371]"
"RSPO4"	"HGNC:16175"	"R-spondin 4 [Source:HGNC Symbol;Acc:HGNC:16175]"
"RTEL1"	"HGNC:15888"	"regulator of telomere elongation helicase 1 [Source:HGNC Symbol;Acc:HGNC:15888]"
"RTN4IP1"	"HGNC:18647"	"reticulon 4 interacting protein 1 [Source:HGNC Symbol;Acc:HGNC:18647]"
"RUNX1"	"HGNC:10471"	"RUNX family transcription factor 1 [Source:HGNC Symbol;Acc:HGNC:10471]"
"RUNX2"	"HGNC:10472"	"RUNX family transcription factor 2 [Source:HGNC Symbol;Acc:HGNC:10472]"
"RYR1"	"HGNC:10483"	"ryanodine receptor 1 [Source:HGNC Symbol;Acc:HGNC:10483]"
"SALL1"	"HGNC:10524"	"spalt like transcription factor 1 [Source:HGNC Symbol;Acc:HGNC:10524]"
"SBDS"	"HGNC:19440"	"SBDS ribosome maturation factor [Source:HGNC Symbol;Acc:HGNC:19440]"
"SBF1"	"HGNC:10542"	"SET binding factor 1 [Source:HGNC Symbol;Acc:HGNC:10542]"
"SCARB2"	"HGNC:1665"	"scavenger receptor class B member 2 [Source:HGNC Symbol;Acc:HGNC:1665]"
"SCN1A"	"HGNC:10585"	"sodium voltage-gated channel alpha subunit 1 [Source:HGNC Symbol;Acc:HGNC:10585]"
"SCN1B"	"HGNC:10586"	"sodium voltage-gated channel beta subunit 1 [Source:HGNC Symbol;Acc:HGNC:10586]"
"SCN2A"	"HGNC:10588"	"sodium voltage-gated channel alpha subunit 2 [Source:HGNC Symbol;Acc:HGNC:10588]"
"SCN5A"	"HGNC:10593"	"sodium voltage-gated channel alpha subunit 5 [Source:HGNC Symbol;Acc:HGNC:10593]"
"SCN8A"	"HGNC:10596"	"sodium voltage-gated channel alpha subunit 8 [Source:HGNC Symbol;Acc:HGNC:10596]"
"SCN9A"	"HGNC:10597"	"sodium voltage-gated channel alpha subunit 9 [Source:HGNC Symbol;Acc:HGNC:10597]"
"SCNN1A"	"HGNC:10599"	"sodium channel epithelial 1 subunit alpha [Source:HGNC Symbol;Acc:HGNC:10599]"
"SCYL1"	"HGNC:14372"	"SCY1 like pseudokinase 1 [Source:HGNC Symbol;Acc:HGNC:14372]"
"SDHA"	"HGNC:10680"	"succinate dehydrogenase complex flavoprotein subunit A [Source:HGNC Symbol;Acc:HGNC:10680]"
"SDHAF2"	"HGNC:26034"	"succinate dehydrogenase complex assembly factor 2 [Source:HGNC Symbol;Acc:HGNC:26034]"
"SDHB"	"HGNC:10681"	"succinate dehydrogenase complex iron sulfur subunit B [Source:HGNC Symbol;Acc:HGNC:10681]"
"SDHD"	"HGNC:10683"	"succinate dehydrogenase complex subunit D [Source:HGNC Symbol;Acc:HGNC:10683]"
"SEC24D"	"HGNC:10706"	"SEC24 homolog D, COPII coat complex component [Source:HGNC Symbol;Acc:HGNC:10706]"
"SELENON"	"HGNC:15999"	"selenoprotein N [Source:HGNC Symbol;Acc:HGNC:15999]"
"SERAC1"	"HGNC:21061"	"serine active site containing 1 [Source:HGNC Symbol;Acc:HGNC:21061]"
"SERPINF1"	"HGNC:8824"	"serpin family F member 1 [Source:HGNC Symbol;Acc:HGNC:8824]"
"SERPING1"	"HGNC:1228"	"serpin family G member 1 [Source:HGNC Symbol;Acc:HGNC:1228]"
"SET"	"HGNC:10760"	"SET nuclear proto-oncogene [Source:HGNC Symbol;Acc:HGNC:10760]"
"SETBP1"	"HGNC:15573"	"SET binding protein 1 [Source:HGNC Symbol;Acc:HGNC:15573]"
"SETD2"	"HGNC:18420"	"SET domain containing 2, histone lysine methyltransferase [Source:HGNC Symbol;Acc:HGNC:18420]"
"SETD5"	"HGNC:25566"	"SET domain containing 5 [Source:HGNC Symbol;Acc:HGNC:25566]"
"SETX"	"HGNC:445"	"senataxin [Source:HGNC Symbol;Acc:HGNC:445]"
"SGCA"	"HGNC:10805"	"sarcoglycan alpha [Source:HGNC Symbol;Acc:HGNC:10805]"
"SGCD"	"HGNC:10807"	"sarcoglycan delta [Source:HGNC Symbol;Acc:HGNC:10807]"
"SGCE"	"HGNC:10808"	"sarcoglycan epsilon [Source:HGNC Symbol;Acc:HGNC:10808]"
"SH3TC2"	"HGNC:29427"	"SH3 domain and tetratricopeptide repeats 2 [Source:HGNC Symbol;Acc:HGNC:29427]"
"SHANK1"	"HGNC:15474"	"SH3 and multiple ankyrin repeat domains 1 [Source:HGNC Symbol;Acc:HGNC:15474]"
"SHANK3"	"HGNC:14294"	"SH3 and multiple ankyrin repeat domains 3 [Source:HGNC Symbol;Acc:HGNC:14294]"
"SIL1"	"HGNC:24624"	"SIL1 nucleotide exchange factor [Source:HGNC Symbol;Acc:HGNC:24624]"
"SIN3A"	"HGNC:19353"	"SIN3 transcription regulator family member A [Source:HGNC Symbol;Acc:HGNC:19353]"
"SKIC2"	"HGNC:10898"	"SKI2 subunit of superkiller complex [Source:HGNC Symbol;Acc:HGNC:10898]"
"SKIC3"	"HGNC:23639"	"SKI3 subunit of superkiller complex [Source:HGNC Symbol;Acc:HGNC:23639]"
"SLC12A1"	"HGNC:10910"	"solute carrier family 12 member 1 [Source:HGNC Symbol;Acc:HGNC:10910]"
"SLC12A3"	"HGNC:10912"	"solute carrier family 12 member 3 [Source:HGNC Symbol;Acc:HGNC:10912]"
"SLC12A6"	"HGNC:10914"	"solute carrier family 12 member 6 [Source:HGNC Symbol;Acc:HGNC:10914]"
"SLC13A5"	"HGNC:23089"	"solute carrier family 13 member 5 [Source:HGNC Symbol;Acc:HGNC:23089]"
"SLC16A2"	"HGNC:10923"	"solute carrier family 16 member 2 [Source:HGNC Symbol;Acc:HGNC:10923]"
"SLC17A5"	"HGNC:10933"	"solute carrier family 17 member 5 [Source:HGNC Symbol;Acc:HGNC:10933]"
"SLC17A8"	"HGNC:20151"	"solute carrier family 17 member 8 [Source:HGNC Symbol;Acc:HGNC:20151]"
"SLC19A3"	"HGNC:16266"	"solute carrier family 19 member 3 [Source:HGNC Symbol;Acc:HGNC:16266]"
"SLC20A2"	"HGNC:10947"	"solute carrier family 20 member 2 [Source:HGNC Symbol;Acc:HGNC:10947]"
"SLC22A5"	"HGNC:10969"	"solute carrier family 22 member 5 [Source:HGNC Symbol;Acc:HGNC:10969]"
"SLC25A38"	"HGNC:26054"	"solute carrier family 25 member 38 [Source:HGNC Symbol;Acc:HGNC:26054]"
"SLC26A2"	"HGNC:10994"	"solute carrier family 26 member 2 [Source:HGNC Symbol;Acc:HGNC:10994]"
"SLC26A4"	"HGNC:8818"	"solute carrier family 26 member 4 [Source:HGNC Symbol;Acc:HGNC:8818]"
"SLC29A3"	"HGNC:23096"	"solute carrier family 29 member 3 [Source:HGNC Symbol;Acc:HGNC:23096]"
"SLC2A1"	"HGNC:11005"	"solute carrier family 2 member 1 [Source:HGNC Symbol;Acc:HGNC:11005]"
"SLC2A2"	"HGNC:11006"	"solute carrier family 2 member 2 [Source:HGNC Symbol;Acc:HGNC:11006]"
"SLC34A1"	"HGNC:11019"	"solute carrier family 34 member 1 [Source:HGNC Symbol;Acc:HGNC:11019]"
"SLC34A3"	"HGNC:20305"	"solute carrier family 34 member 3 [Source:HGNC Symbol;Acc:HGNC:20305]"
"SLC46A1"	"HGNC:30521"	"solute carrier family 46 member 1 [Source:HGNC Symbol;Acc:HGNC:30521]"
"SLC4A1"	"HGNC:11027"	"solute carrier family 4 member 1 (Diego blood group) [Source:HGNC Symbol;Acc:HGNC:11027]"
"SLC52A2"	"HGNC:30224"	"solute carrier family 52 member 2 [Source:HGNC Symbol;Acc:HGNC:30224]"
"SLC52A3"	"HGNC:16187"	"solute carrier family 52 member 3 [Source:HGNC Symbol;Acc:HGNC:16187]"
"SLC6A1"	"HGNC:11042"	"solute carrier family 6 member 1 [Source:HGNC Symbol;Acc:HGNC:11042]"
"SLC6A19"	"HGNC:27960"	"solute carrier family 6 member 19 [Source:HGNC Symbol;Acc:HGNC:27960]"
"SLC6A3"	"HGNC:11049"	"solute carrier family 6 member 3 [Source:HGNC Symbol;Acc:HGNC:11049]"
"SLC6A5"	"HGNC:11051"	"solute carrier family 6 member 5 [Source:HGNC Symbol;Acc:HGNC:11051]"
"SLC6A8"	"HGNC:11055"	"solute carrier family 6 member 8 [Source:HGNC Symbol;Acc:HGNC:11055]"
"SLC7A7"	"HGNC:11065"	"solute carrier family 7 member 7 [Source:HGNC Symbol;Acc:HGNC:11065]"
"SLC7A9"	"HGNC:11067"	"solute carrier family 7 member 9 [Source:HGNC Symbol;Acc:HGNC:11067]"
"SLC9A6"	"HGNC:11079"	"solute carrier family 9 member A6 [Source:HGNC Symbol;Acc:HGNC:11079]"
"SLCO2A1"	"HGNC:10955"	"solute carrier organic anion transporter family member 2A1 [Source:HGNC Symbol;Acc:HGNC:10955]"
"SLX4"	"HGNC:23845"	"SLX4 structure-specific endonuclease subunit [Source:HGNC Symbol;Acc:HGNC:23845]"
"SMAD2"	"HGNC:6768"	"SMAD family member 2 [Source:HGNC Symbol;Acc:HGNC:6768]"
"SMAD3"	"HGNC:6769"	"SMAD family member 3 [Source:HGNC Symbol;Acc:HGNC:6769]"
"SMAD4"	"HGNC:6770"	"SMAD family member 4 [Source:HGNC Symbol;Acc:HGNC:6770]"
"SMARCA4"	"HGNC:11100"	"SWI/SNF related, matrix associated, actin dependent regulator of chromatin, subfamily a, member 4 [Source:HGNC Symbol;Acc:HGNC:11100]"
"SMARCB1"	"HGNC:11103"	"SWI/SNF related, matrix associated, actin dependent regulator of chromatin, subfamily b, member 1 [Source:HGNC Symbol;Acc:HGNC:11103]"
"SMARCC2"	"HGNC:11105"	"SWI/SNF related, matrix associated, actin dependent regulator of chromatin subfamily c member 2 [Source:HGNC Symbol;Acc:HGNC:11105]"
"SMARCE1"	"HGNC:11109"	"SWI/SNF related, matrix associated, actin dependent regulator of chromatin, subfamily e, member 1 [Source:HGNC Symbol;Acc:HGNC:11109]"
"SMC1A"	"HGNC:11111"	"structural maintenance of chromosomes 1A [Source:HGNC Symbol;Acc:HGNC:11111]"
"SMPD1"	"HGNC:11120"	"sphingomyelin phosphodiesterase 1 [Source:HGNC Symbol;Acc:HGNC:11120]"
"SOX10"	"HGNC:11190"	"SRY-box transcription factor 10 [Source:HGNC Symbol;Acc:HGNC:11190]"
"SOX5"	"HGNC:11201"	"SRY-box transcription factor 5 [Source:HGNC Symbol;Acc:HGNC:11201]"
"SPART"	"HGNC:18514"	"spartin [Source:HGNC Symbol;Acc:HGNC:18514]"
"SPAST"	"HGNC:11233"	"spastin [Source:HGNC Symbol;Acc:HGNC:11233]"
"SPATA7"	"HGNC:20423"	"spermatogenesis associated 7 [Source:HGNC Symbol;Acc:HGNC:20423]"
"SPG11"	"HGNC:11226"	"SPG11 vesicle trafficking associated, spatacsin [Source:HGNC Symbol;Acc:HGNC:11226]"
"SPG21"	"HGNC:20373"	"SPG21 abhydrolase domain containing, maspardin [Source:HGNC Symbol;Acc:HGNC:20373]"
"SPG7"	"HGNC:11237"	"SPG7 matrix AAA peptidase subunit, paraplegin [Source:HGNC Symbol;Acc:HGNC:11237]"
"SPINK5"	"HGNC:15464"	"serine peptidase inhibitor Kazal type 5 [Source:HGNC Symbol;Acc:HGNC:15464]"
"SPTA1"	"HGNC:11272"	"spectrin alpha, erythrocytic 1 [Source:HGNC Symbol;Acc:HGNC:11272]"
"SPTB"	"HGNC:11274"	"spectrin beta, erythrocytic [Source:HGNC Symbol;Acc:HGNC:11274]"
"SQSTM1"	"HGNC:11280"	"sequestosome 1 [Source:HGNC Symbol;Acc:HGNC:11280]"
"SRCAP"	"HGNC:16974"	"Snf2 related CREBBP activator protein [Source:HGNC Symbol;Acc:HGNC:16974]"
"SRD5A2"	"HGNC:11285"	"steroid 5 alpha-reductase 2 [Source:HGNC Symbol;Acc:HGNC:11285]"
"SSR4"	"HGNC:11326"	"signal sequence receptor subunit 4 [Source:HGNC Symbol;Acc:HGNC:11326]"
"ST3GAL5"	"HGNC:10872"	"ST3 beta-galactoside alpha-2,3-sialyltransferase 5 [Source:HGNC Symbol;Acc:HGNC:10872]"
"STAG1"	"HGNC:11354"	"STAG1 cohesin complex component [Source:HGNC Symbol;Acc:HGNC:11354]"
"STAG2"	"HGNC:11355"	"STAG2 cohesin complex component [Source:HGNC Symbol;Acc:HGNC:11355]"
"STEEP1"	"HGNC:26239"	"STING1 ER exit protein 1 [Source:HGNC Symbol;Acc:HGNC:26239]"
"STIL"	"HGNC:10879"	"STIL centriolar assembly protein [Source:HGNC Symbol;Acc:HGNC:10879]"
"STK11"	"HGNC:11389"	"serine/threonine kinase 11 [Source:HGNC Symbol;Acc:HGNC:11389]"
"STRA6"	"HGNC:30650"	"signaling receptor and transporter of retinol STRA6 [Source:HGNC Symbol;Acc:HGNC:30650]"
"STRC"	"HGNC:16035"	"stereocilin [Source:HGNC Symbol;Acc:HGNC:16035]"
"STX1B"	"HGNC:18539"	"syntaxin 1B [Source:HGNC Symbol;Acc:HGNC:18539]"
"STXBP1"	"HGNC:11444"	"syntaxin binding protein 1 [Source:HGNC Symbol;Acc:HGNC:11444]"
"STXBP2"	"HGNC:11445"	"syntaxin binding protein 2 [Source:HGNC Symbol;Acc:HGNC:11445]"
"SUCLA2"	"HGNC:11448"	"succinate-CoA ligase ADP-forming subunit beta [Source:HGNC Symbol;Acc:HGNC:11448]"
"SUFU"	"HGNC:16466"	"SUFU negative regulator of hedgehog signaling [Source:HGNC Symbol;Acc:HGNC:16466]"
"SURF1"	"HGNC:11474"	"SURF1 cytochrome c oxidase assembly factor [Source:HGNC Symbol;Acc:HGNC:11474]"
"SUZ12"	"HGNC:17101"	"SUZ12 polycomb repressive complex 2 subunit [Source:HGNC Symbol;Acc:HGNC:17101]"
"SYN1"	"HGNC:11494"	"synapsin I [Source:HGNC Symbol;Acc:HGNC:11494]"
"SYNCRIP"	"HGNC:16918"	"synaptotagmin binding cytoplasmic RNA interacting protein [Source:HGNC Symbol;Acc:HGNC:16918]"
"SYNE1"	"HGNC:17089"	"spectrin repeat containing nuclear envelope protein 1 [Source:HGNC Symbol;Acc:HGNC:17089]"
"SYNGAP1"	"HGNC:11497"	"synaptic Ras GTPase activating protein 1 [Source:HGNC Symbol;Acc:HGNC:11497]"
"SYNJ1"	"HGNC:11503"	"synaptojanin 1 [Source:HGNC Symbol;Acc:HGNC:11503]"
"SYT2"	"HGNC:11510"	"synaptotagmin 2 [Source:HGNC Symbol;Acc:HGNC:11510]"
"SZT2"	"HGNC:29040"	"SZT2 subunit of KICSTOR complex [Source:HGNC Symbol;Acc:HGNC:29040]"
"TAB2"	"HGNC:17075"	"TGF-beta activated kinase 1 (MAP3K7) binding protein 2 [Source:HGNC Symbol;Acc:HGNC:17075]"
"TAFAZZIN"	"HGNC:11577"	"tafazzin, phospholipid-lysophospholipid transacylase [Source:HGNC Symbol;Acc:HGNC:11577]"
"TANC2"	"HGNC:30212"	"tetratricopeptide repeat, ankyrin repeat and coiled-coil containing 2 [Source:HGNC Symbol;Acc:HGNC:30212]"
"TANGO2"	"HGNC:25439"	"transport and golgi organization 2 homolog [Source:HGNC Symbol;Acc:HGNC:25439]"
"TBC1D23"	"HGNC:25622"	"TBC1 domain family member 23 [Source:HGNC Symbol;Acc:HGNC:25622]"
"TBC1D24"	"HGNC:29203"	"TBC1 domain family member 24 [Source:HGNC Symbol;Acc:HGNC:29203]"
"TBCD"	"HGNC:11581"	"tubulin folding cofactor D [Source:HGNC Symbol;Acc:HGNC:11581]"
"TBCE"	"HGNC:11582"	"tubulin folding cofactor E [Source:HGNC Symbol;Acc:HGNC:11582]"
"TBCK"	"HGNC:28261"	"TBC1 domain containing kinase [Source:HGNC Symbol;Acc:HGNC:28261]"
"TBL1XR1"	"HGNC:29529"	"TBL1X/Y related 1 [Source:HGNC Symbol;Acc:HGNC:29529]"
"TBX1"	"HGNC:11592"	"T-box transcription factor 1 [Source:HGNC Symbol;Acc:HGNC:11592]"
"TBX3"	"HGNC:11602"	"T-box transcription factor 3 [Source:HGNC Symbol;Acc:HGNC:11602]"
"TBX4"	"HGNC:11603"	"T-box transcription factor 4 [Source:HGNC Symbol;Acc:HGNC:11603]"
"TBX5"	"HGNC:11604"	"T-box transcription factor 5 [Source:HGNC Symbol;Acc:HGNC:11604]"
"TCF12"	"HGNC:11623"	"transcription factor 12 [Source:HGNC Symbol;Acc:HGNC:11623]"
"TCF20"	"HGNC:11631"	"transcription factor 20 [Source:HGNC Symbol;Acc:HGNC:11631]"
"TCF7L2"	"HGNC:11641"	"transcription factor 7 like 2 [Source:HGNC Symbol;Acc:HGNC:11641]"
"TCIRG1"	"HGNC:11647"	"T cell immune regulator 1, ATPase H+ transporting V0 subunit a3 [Source:HGNC Symbol;Acc:HGNC:11647]"
"TCOF1"	"HGNC:11654"	"treacle ribosome biogenesis factor 1 [Source:HGNC Symbol;Acc:HGNC:11654]"
"TCTN1"	"HGNC:26113"	"tectonic family member 1 [Source:HGNC Symbol;Acc:HGNC:26113]"
"TCTN2"	"HGNC:25774"	"tectonic family member 2 [Source:HGNC Symbol;Acc:HGNC:25774]"
"TDP2"	"HGNC:17768"	"tyrosyl-DNA phosphodiesterase 2 [Source:HGNC Symbol;Acc:HGNC:17768]"
"TECTA"	"HGNC:11720"	"tectorin alpha [Source:HGNC Symbol;Acc:HGNC:11720]"
"TELO2"	"HGNC:29099"	"telomere maintenance 2 [Source:HGNC Symbol;Acc:HGNC:29099]"
"TFAP2B"	"HGNC:11743"	"transcription factor AP-2 beta [Source:HGNC Symbol;Acc:HGNC:11743]"
"TGFB2"	"HGNC:11768"	"transforming growth factor beta 2 [Source:HGNC Symbol;Acc:HGNC:11768]"
"TGM1"	"HGNC:11777"	"transglutaminase 1 [Source:HGNC Symbol;Acc:HGNC:11777]"
"TGM5"	"HGNC:11781"	"transglutaminase 5 [Source:HGNC Symbol;Acc:HGNC:11781]"
"TJP2"	"HGNC:11828"	"tight junction protein 2 [Source:HGNC Symbol;Acc:HGNC:11828]"
"TLK2"	"HGNC:11842"	"tousled like kinase 2 [Source:HGNC Symbol;Acc:HGNC:11842]"
"TMC1"	"HGNC:16513"	"transmembrane channel like 1 [Source:HGNC Symbol;Acc:HGNC:16513]"
"TMEM237"	"HGNC:14432"	"transmembrane protein 237 [Source:HGNC Symbol;Acc:HGNC:14432]"
"TMEM38B"	"HGNC:25535"	"transmembrane protein 38B [Source:HGNC Symbol;Acc:HGNC:25535]"
"TMEM67"	"HGNC:28396"	"transmembrane protein 67 [Source:HGNC Symbol;Acc:HGNC:28396]"
"TMEM70"	"HGNC:26050"	"transmembrane protein 70 [Source:HGNC Symbol;Acc:HGNC:26050]"
"TMIE"	"HGNC:30800"	"transmembrane inner ear [Source:HGNC Symbol;Acc:HGNC:30800]"
"TMLHE"	"HGNC:18308"	"trimethyllysine hydroxylase, epsilon [Source:HGNC Symbol;Acc:HGNC:18308]"
"TMPRSS3"	"HGNC:11877"	"transmembrane serine protease 3 [Source:HGNC Symbol;Acc:HGNC:11877]"
"TMTC3"	"HGNC:26899"	"transmembrane O-mannosyltransferase targeting cadherins 3 [Source:HGNC Symbol;Acc:HGNC:26899]"
"TNNT1"	"HGNC:11948"	"troponin T1, slow skeletal type [Source:HGNC Symbol;Acc:HGNC:11948]"
"TNRC6B"	"HGNC:29190"	"trinucleotide repeat containing adaptor 6B [Source:HGNC Symbol;Acc:HGNC:29190]"
"TNXB"	"HGNC:11976"	"tenascin XB [Source:HGNC Symbol;Acc:HGNC:11976]"
"TOP3A"	"HGNC:11992"	"DNA topoisomerase III alpha [Source:HGNC Symbol;Acc:HGNC:11992]"
"TOR1AIP1"	"HGNC:29456"	"torsin 1A interacting protein 1 [Source:HGNC Symbol;Acc:HGNC:29456]"
"TP53"	"HGNC:11998"	"tumor protein p53 [Source:HGNC Symbol;Acc:HGNC:11998]"
"TPK1"	"HGNC:17358"	"thiamin pyrophosphokinase 1 [Source:HGNC Symbol;Acc:HGNC:17358]"
"TPM3"	"HGNC:12012"	"tropomyosin 3 [Source:HGNC Symbol;Acc:HGNC:12012]"
"TPP1"	"HGNC:2073"	"tripeptidyl peptidase 1 [Source:HGNC Symbol;Acc:HGNC:2073]"
"TRAPPC2"	"HGNC:23068"	"trafficking protein particle complex subunit 2 [Source:HGNC Symbol;Acc:HGNC:23068]"
"TRAPPC9"	"HGNC:30832"	"trafficking protein particle complex subunit 9 [Source:HGNC Symbol;Acc:HGNC:30832]"
"TRDN"	"HGNC:12261"	"triadin [Source:HGNC Symbol;Acc:HGNC:12261]"
"TRIM28"	"HGNC:16384"	"tripartite motif containing 28 [Source:HGNC Symbol;Acc:HGNC:16384]"
"TRIO"	"HGNC:12303"	"trio Rho guanine nucleotide exchange factor [Source:HGNC Symbol;Acc:HGNC:12303]"
"TRIOBP"	"HGNC:17009"	"TRIO and F-actin binding protein [Source:HGNC Symbol;Acc:HGNC:17009]"
"TRIP11"	"HGNC:12305"	"thyroid hormone receptor interactor 11 [Source:HGNC Symbol;Acc:HGNC:12305]"
"TRIP12"	"HGNC:12306"	"thyroid hormone receptor interactor 12 [Source:HGNC Symbol;Acc:HGNC:12306]"
"TRIT1"	"HGNC:20286"	"tRNA isopentenyltransferase 1 [Source:HGNC Symbol;Acc:HGNC:20286]"
"TRNT1"	"HGNC:17341"	"tRNA nucleotidyl transferase 1 [Source:HGNC Symbol;Acc:HGNC:17341]"
"TRPM1"	"HGNC:7146"	"transient receptor potential cation channel subfamily M member 1 [Source:HGNC Symbol;Acc:HGNC:7146]"
"TRPM6"	"HGNC:17995"	"transient receptor potential cation channel subfamily M member 6 [Source:HGNC Symbol;Acc:HGNC:17995]"
"TSC1"	"HGNC:12362"	"TSC complex subunit 1 [Source:HGNC Symbol;Acc:HGNC:12362]"
"TSC2"	"HGNC:12363"	"TSC complex subunit 2 [Source:HGNC Symbol;Acc:HGNC:12363]"
"TSEN54"	"HGNC:27561"	"tRNA splicing endonuclease subunit 54 [Source:HGNC Symbol;Acc:HGNC:27561]"
"TSPAN12"	"HGNC:21641"	"tetraspanin 12 [Source:HGNC Symbol;Acc:HGNC:21641]"
"TSPEAR"	"HGNC:1268"	"thrombospondin type laminin G domain and EAR repeats [Source:HGNC Symbol;Acc:HGNC:1268]"
"TTC7A"	"HGNC:19750"	"tetratricopeptide repeat domain 7A [Source:HGNC Symbol;Acc:HGNC:19750]"
"TTLL5"	"HGNC:19963"	"tubulin tyrosine ligase like 5 [Source:HGNC Symbol;Acc:HGNC:19963]"
"TTN"	"HGNC:12403"	"titin [Source:HGNC Symbol;Acc:HGNC:12403]"
"TUFM"	"HGNC:12420"	"Tu translation elongation factor, mitochondrial [Source:HGNC Symbol;Acc:HGNC:12420]"
"TUSC3"	"HGNC:30242"	"tumor suppressor candidate 3 [Source:HGNC Symbol;Acc:HGNC:30242]"
"TYMP"	"HGNC:3148"	"thymidine phosphorylase [Source:HGNC Symbol;Acc:HGNC:3148]"
"TYR"	"HGNC:12442"	"tyrosinase [Source:HGNC Symbol;Acc:HGNC:12442]"
"UBA2"	"HGNC:30661"	"ubiquitin like modifier activating enzyme 2 [Source:HGNC Symbol;Acc:HGNC:30661]"
"UBE2A"	"HGNC:12472"	"ubiquitin conjugating enzyme E2 A [Source:HGNC Symbol;Acc:HGNC:12472]"
"UBE3A"	"HGNC:12496"	"ubiquitin protein ligase E3A [Source:HGNC Symbol;Acc:HGNC:12496]"
"UMPS"	"HGNC:12563"	"uridine monophosphate synthetase [Source:HGNC Symbol;Acc:HGNC:12563]"
"UNC13D"	"HGNC:23147"	"unc-13 homolog D [Source:HGNC Symbol;Acc:HGNC:23147]"
"UNC80"	"HGNC:26582"	"unc-80 homolog, NALCN channel complex subunit [Source:HGNC Symbol;Acc:HGNC:26582]"
"UPB1"	"HGNC:16297"	"beta-ureidopropionase 1 [Source:HGNC Symbol;Acc:HGNC:16297]"
"USH1C"	"HGNC:12597"	"USH1 protein network component harmonin [Source:HGNC Symbol;Acc:HGNC:12597]"
"USH2A"	"HGNC:12601"	"usherin [Source:HGNC Symbol;Acc:HGNC:12601]"
"USP18"	"HGNC:12616"	"ubiquitin specific peptidase 18 [Source:HGNC Symbol;Acc:HGNC:12616]"
"USP7"	"HGNC:12630"	"ubiquitin specific peptidase 7 [Source:HGNC Symbol;Acc:HGNC:12630]"
"USP9X"	"HGNC:12632"	"ubiquitin specific peptidase 9 X-linked [Source:HGNC Symbol;Acc:HGNC:12632]"
"UVSSA"	"HGNC:29304"	"UV stimulated scaffold protein A [Source:HGNC Symbol;Acc:HGNC:29304]"
"VARS1"	"HGNC:12651"	"valyl-tRNA synthetase 1 [Source:HGNC Symbol;Acc:HGNC:12651]"
"VARS2"	"HGNC:21642"	"valyl-tRNA synthetase 2, mitochondrial [Source:HGNC Symbol;Acc:HGNC:21642]"
"VHL"	"HGNC:12687"	"von Hippel-Lindau tumor suppressor [Source:HGNC Symbol;Acc:HGNC:12687]"
"VPS13A"	"HGNC:1908"	"vacuolar protein sorting 13 homolog A [Source:HGNC Symbol;Acc:HGNC:1908]"
"VPS13B"	"HGNC:2183"	"vacuolar protein sorting 13 homolog B [Source:HGNC Symbol;Acc:HGNC:2183]"
"VPS13C"	"HGNC:23594"	"vacuolar protein sorting 13 homolog C [Source:HGNC Symbol;Acc:HGNC:23594]"
"VRK1"	"HGNC:12718"	"VRK serine/threonine kinase 1 [Source:HGNC Symbol;Acc:HGNC:12718]"
"VWF"	"HGNC:12726"	"von Willebrand factor [Source:HGNC Symbol;Acc:HGNC:12726]"
"WAC"	"HGNC:17327"	"WW domain containing adaptor with coiled-coil [Source:HGNC Symbol;Acc:HGNC:17327]"
"WAS"	"HGNC:12731"	"WASP actin nucleation promoting factor [Source:HGNC Symbol;Acc:HGNC:12731]"
"WDFY3"	"HGNC:20751"	"WD repeat and FYVE domain containing 3 [Source:HGNC Symbol;Acc:HGNC:20751]"
"WDR26"	"HGNC:21208"	"WD repeat domain 26 [Source:HGNC Symbol;Acc:HGNC:21208]"
"WDR35"	"HGNC:29250"	"WD repeat domain 35 [Source:HGNC Symbol;Acc:HGNC:29250]"
"WDR45"	"HGNC:28912"	"WD repeat domain 45 [Source:HGNC Symbol;Acc:HGNC:28912]"
"WDR62"	"HGNC:24502"	"WD repeat domain 62 [Source:HGNC Symbol;Acc:HGNC:24502]"
"WFS1"	"HGNC:12762"	"wolframin ER transmembrane glycoprotein [Source:HGNC Symbol;Acc:HGNC:12762]"
"WNT1"	"HGNC:12774"	"Wnt family member 1 [Source:HGNC Symbol;Acc:HGNC:12774]"
"WRN"	"HGNC:12791"	"WRN RecQ like helicase [Source:HGNC Symbol;Acc:HGNC:12791]"
"WT1"	"HGNC:12796"	"WT1 transcription factor [Source:HGNC Symbol;Acc:HGNC:12796]"
"WWOX"	"HGNC:12799"	"WW domain containing oxidoreductase [Source:HGNC Symbol;Acc:HGNC:12799]"
"XPC"	"HGNC:12816"	"XPC complex subunit, DNA damage recognition and repair factor [Source:HGNC Symbol;Acc:HGNC:12816]"
"XRCC4"	"HGNC:12831"	"X-ray repair cross complementing 4 [Source:HGNC Symbol;Acc:HGNC:12831]"
"ZBTB20"	"HGNC:13503"	"zinc finger and BTB domain containing 20 [Source:HGNC Symbol;Acc:HGNC:13503]"
"ZC4H2"	"HGNC:24931"	"zinc finger C4H2-type containing [Source:HGNC Symbol;Acc:HGNC:24931]"
"ZEB2"	"HGNC:14881"	"zinc finger E-box binding homeobox 2 [Source:HGNC Symbol;Acc:HGNC:14881]"
"ZFYVE26"	"HGNC:20761"	"zinc finger FYVE-type containing 26 [Source:HGNC Symbol;Acc:HGNC:20761]"
"ZIC2"	"HGNC:12873"	"Zic family member 2 [Source:HGNC Symbol;Acc:HGNC:12873]"
"ZMIZ1"	"HGNC:16493"	"zinc finger MIZ-type containing 1 [Source:HGNC Symbol;Acc:HGNC:16493]"
"ZMPSTE24"	"HGNC:12877"	"zinc metallopeptidase STE24 [Source:HGNC Symbol;Acc:HGNC:12877]"
"ZMYM2"	"HGNC:12989"	"zinc finger MYM-type containing 2 [Source:HGNC Symbol;Acc:HGNC:12989]"
"ZMYND11"	"HGNC:16966"	"zinc finger MYND-type containing 11 [Source:HGNC Symbol;Acc:HGNC:16966]"
