gene	HIscore	Approved_Symbol	HGNC_ID
AGRN	30	AGRN	HGNC:329
B3GALT6	30	B3GALT6	HGNC:17978
GNB1	1	GNB1	HGNC:4396
SKI	0	SKI	HGNC:10896
TP73	0	TP73	HGNC:12003
NPHP4	30	NPHP4	HGNC:19104
CHD5	1	CHD5	HGNC:16816
ESPN	30	ESPN	HGNC:13281
PLEKHG5	30	PLEKHG5	HGNC:29105
CAMTA1	3	CAMTA1	HGNC:18806
PARK7	30	PARK7	HGNC:16369
H6PD	30	H6PD	HGNC:4795
PEX14	30	PEX14	HGNC:8856
CASZ1	1	CASZ1	HGNC:26002
TARDBP	0	TARDBP	HGNC:11571
MASP2	30	MASP2	HGNC:6902
MTHFR	30	MTHFR	HGNC:7436
PLOD1	30	PLOD1	HGNC:9081
MFN2	0	MFN2	HGNC:16877
SPEN	1	SPEN	HGNC:17575
CLCNKA	30	CLCNKA	HGNC:2026
CLCNKB	30	CLCNKB	HGNC:2027
ATP13A2	30	ATP13A2	HGNC:30213
SDHB	3	SDHB	HGNC:10681
ALDH4A1	30	ALDH4A1	HGNC:406
PINK1	30	PINK1	HGNC:14581
DDOST	30	DDOST	HGNC:2728
HSPG2	30	HSPG2	HGNC:5273
C1QB	30	C1QB	HGNC:1242
ARID1A	3	ARID1A	HGNC:11110
AHDC1	3	AHDC1	HGNC:25230
COL16A1	40	COL16A1	HGNC:2193
PPT1	30	PPT1	HGNC:9325
COL9A2	0	COL9A2	HGNC:2218
EXO5	40	EXO5	HGNC:26115
HIVEP3	1	HIVEP3	HGNC:13561
P3H1	30	P3H1	HGNC:19316
SLC2A1	3	SLC2A1	HGNC:11005
EIF2B3	30	EIF2B3	HGNC:3259
MUTYH	30	MUTYH	HGNC:7527
MMACHC	30	MMACHC	HGNC:24525
STIL	30	STIL	HGNC:10879
FOXE3	0	FOXE3	HGNC:3808
BSND	30	BSND	HGNC:16512
PCSK9	40	PCSK9	HGNC:20001
TACSTD2	30	TACSTD2	HGNC:11530
NFIA	3	NFIA	HGNC:7784
DOCK7	30	DOCK7	HGNC:19190
ANGPTL3	30	ANGPTL3	HGNC:491
ALG6	30	ALG6	HGNC:23157
PGM1	30	PGM1	HGNC:8905
DNAJC6	30	DNAJC6	HGNC:15469
LEPR	30	LEPR	HGNC:6554
SLC35D1	30	SLC35D1	HGNC:20800
DIRAS3	0	DIRAS3	HGNC:687
CTH	30	CTH	HGNC:2501
ACADM	30	ACADM	HGNC:89
HFM1	30	HFM1	HGNC:20193
GLMN	3	GLMN	HGNC:14373
DPYD	30	DPYD	HGNC:3012
DBT	30	DBT	HGNC:2698
COL11A1	1	COL11A1	HGNC:2186
GPSM2	30	GPSM2	HGNC:29501
TAF13	1	TAF13	HGNC:11546
GNAI3	0	GNAI3	HGNC:4387
MOV10	0	MOV10	HGNC:7200
AP4B1	30	AP4B1	HGNC:572
CASQ2	30	CASQ2	HGNC:1513
NOTCH2	0	NOTCH2	HGNC:7882
HJV	30	HJV	HGNC:4887
PEX11B	30	PEX11B	HGNC:8853
CHD1L	0	CHD1L	HGNC:1916
GJA5	1	GJA5	HGNC:4279
GJA8	1	GJA8	HGNC:4281
SF3B4	3	SF3B4	HGNC:10771
POGZ	3	POGZ	HGNC:18801
FLG	3	FLG	HGNC:3748
GATAD2B	3	GATAD2B	HGNC:30778
DPM3	30	DPM3	HGNC:3007
GBA	30	GBA1	HGNC:4177
ASH1L	3	ASH1L	HGNC:19088
LMNA	2	LMNA	HGNC:6636
SDHC	3	SDHC	HGNC:10682
ATF6	30	ATF6	HGNC:791
PBX1	3	PBX1	HGNC:8632
TMCO1	30	TMCO1	HGNC:18188
F5	30	F5	HGNC:3542
GORAB	30	GORAB	HGNC:25676
FMO2	40	FMO2	HGNC:3770
DARS2	30	DARS2	HGNC:25538
LHX4	1	LHX4	HGNC:21734
GLUL	30	GLUL	HGNC:4341
LAMC2	30	LAMC2	HGNC:6493
NCF2	30	NCF2	HGNC:7661
PRG4	30	PRG4	HGNC:9364
CDC73	3	CDC73	HGNC:16783
F13B	30	F13B	HGNC:3534
ASPM	30	ASPM	HGNC:19048
CACNA1S	0	CACNA1S	HGNC:1397
TNNT2	0	TNNT2	HGNC:11949
UBE2T	30	UBE2T	HGNC:25009
KDM5B	1	KDM5B	HGNC:18039
KISS1	30	KISS1	HGNC:6341
CNTN2	30	CNTN2	HGNC:2172
IRF6	3	IRF6	HGNC:6121
SYT14	30	SYT14	HGNC:23143
KCNH1	0	KCNH1	HGNC:6250
USH2A	30	USH2A	HGNC:12601
SLC30A10	30	SLC30A10	HGNC:25355
RAB3GAP2	30	RAB3GAP2	HGNC:17168
DISP1	0	DISP1	HGNC:19711
WDR26	3	WDR26	HGNC:21208
LBR	30	LBR	HGNC:6518
AGT	30	AGT	HGNC:333
GNPAT	30	GNPAT	HGNC:4416
DISC1	0	DISC1	HGNC:2888
TBCE	30	TBCE	HGNC:11582
B3GALNT2	30	B3GALNT2	HGNC:28596
LYST	30	LYST	HGNC:1968
MTR	30	MTR	HGNC:7468
RYR2	0	RYR2	HGNC:10484
CHRM3	1	CHRM3	HGNC:1952
FH	3	FH	HGNC:3700
SDCCAG8	30	SDCCAG8	HGNC:10671
AKT3	1	AKT3	HGNC:393
ZBTB18	3	ZBTB18	HGNC:13030
COX20	30	COX20	HGNC:26970
ZMYND11	3	ZMYND11	HGNC:16966
IL2RA	30	IL2RA	HGNC:6008
GATA3	3	GATA3	HGNC:4172
UPF2	0	UPF2	HGNC:17854
PHYH	30	PHYH	HGNC:8940
DCLRE1C	30	DCLRE1C	HGNC:17642
CUBN	30	CUBN	HGNC:2548
NEBL	0	NEBL	HGNC:16932
MYO3A	30	MYO3A	HGNC:7601
ANKRD26	0	ANKRD26	HGNC:29186
WAC	3	WAC	HGNC:17327
RET	3	RET	HGNC:9967
RBP3	30	RBP3	HGNC:9921
GDF2	0	GDF2	HGNC:4217
CHAT	30	CHAT	HGNC:1912
PCDH15	30	PCDH15	HGNC:14674
EGR2	0	EGR2	HGNC:3239
CTNNA3	0	CTNNA3	HGNC:2511
KIFBP	30	KIFBP	HGNC:23419
NODAL	1	NODAL	HGNC:7865
CDH23	30	CDH23	HGNC:13733
NUDT13	40	NUDT13	HGNC:18827
KAT6B	3	KAT6B	HGNC:17582
RPS24	3	RPS24	HGNC:10411
NRG3	0	NRG3	HGNC:7999
CDHR1	30	CDHR1	HGNC:14550
GRID1	0	GRID1	HGNC:4575
BMPR1A	3	BMPR1A	HGNC:1076
PTEN	3	PTEN	HGNC:9588
ACTA2	1	ACTA2	HGNC:130
FAS	1	FAS	HGNC:11920
LIPA	30	LIPA	HGNC:6617
SLC16A12	1	SLC16A12	HGNC:23094
KIF11	3	KIF11	HGNC:6388
PDE6C	30	PDE6C	HGNC:8787
BLNK	30	BLNK	HGNC:14211
HPS1	30	HPS1	HGNC:5163
HPSE2	30	HPSE2	HGNC:18374
COX15	30	COX15	HGNC:2263
CPN1	30	CPN1	HGNC:2312
PAX2	3	PAX2	HGNC:8616
LBX1	0	LBX1	HGNC:16960
POLL	0	POLL	HGNC:9184
FBXW4	0	FBXW4	HGNC:10847
PITX3	0	PITX3	HGNC:9006
SHOC2	0	SHOC2	HGNC:15454
TCF7L2	1	TCF7L2	HGNC:11641
EMX2	1	EMX2	HGNC:3341
BAG3	3	BAG3	HGNC:939
ACADSB	30	ACADSB	HGNC:91
OAT	30	OAT	HGNC:8091
UROS	30	UROS	HGNC:12592
HRAS	0	HRAS	HGNC:5173
H19	0	H19	HGNC:4713
IGF2	0	IGF2	HGNC:5466
INS	0	INS	HGNC:6081
KCNQ1	3	KCNQ1	HGNC:6294
CDKN1C	3	CDKN1C	HGNC:1786
SLC22A18	0	SLC22A18	HGNC:10964
PHLDA2	0	PHLDA2	HGNC:12385
OSBPL5	0	OSBPL5	HGNC:16392
DCHS1	1	DCHS1	HGNC:13681
SBF2	30	SBF2	HGNC:2135
ABCC8	30	ABCC8	HGNC:59
USH1C	30	USH1C	HGNC:12597
FANCF	30	FANCF	HGNC:3587
FSHB	30	FSHB	HGNC:3964
PAX6	3	PAX6	HGNC:8620
WT1	3	WT1	HGNC:12796
CD59	30	CD59	HGNC:1689
PDHX	30	PDHX	HGNC:21350
RAG1	30	RAG1	HGNC:9831
RAG2	30	RAG2	HGNC:9832
EXT2	3	EXT2	HGNC:3513
ALX4	3	ALX4	HGNC:450
SLC35C1	30	SLC35C1	HGNC:20197
PEX16	30	PEX16	HGNC:8857
PHF21A	2	PHF21A	HGNC:24156
DDB2	30	DDB2	HGNC:2718
MYBPC3	3	MYBPC3	HGNC:7551
SDHAF2	3	SDHAF2	HGNC:26034
MEN1	3	MEN1	HGNC:7010
PACS1	0	PACS1	HGNC:30032
PC	30	PC	HGNC:8636
CLCF1	30	CLCF1	HGNC:17412
CABP4	30	CABP4	HGNC:1386
CABP2	30	CABP2	HGNC:1385
NDUFV1	30	NDUFV1	HGNC:7716
NDUFS8	30	NDUFS8	HGNC:7715
TCIRG1	30	TCIRG1	HGNC:11647
KMT5B	3	KMT5B	HGNC:24283
LRP5	2	LRP5	HGNC:6697
CPT1A	30	CPT1A	HGNC:2328
IGHMBP2	30	IGHMBP2	HGNC:5542
FGF3	30	FGF3	HGNC:3681
FADD	30	FADD	HGNC:3573
SHANK2	3	SHANK2	HGNC:14295
DHCR7	30	DHCR7	HGNC:2860
FOLR1	30	FOLR1	HGNC:3791
DLG2	1	DLG2	HGNC:2901
FZD4	3	FZD4	HGNC:4042
TMEM135	0	TMEM135	HGNC:26167
MTMR2	30	MTMR2	HGNC:7450
YAP1	1	YAP1	HGNC:16262
DYNC2H1	30	DYNC2H1	HGNC:2962
ATM	3	ATM	HGNC:795
EXPH5	30	EXPH5	HGNC:30578
RDX	30	RDX	HGNC:9944
SDHD	3	SDHD	HGNC:10683
PTS	30	PTS	HGNC:9689
CEP164	30	CEP164	HGNC:29182
IL10RA	30	IL10RA	HGNC:5964
CD3E	30	CD3E	HGNC:1674
CD3D	30	CD3D	HGNC:1673
CD3G	30	CD3G	HGNC:1675
KMT2A	3	KMT2A	HGNC:7132
ARCN1	3	ARCN1	HGNC:649
SLC37A4	30	SLC37A4	HGNC:4061
HMBS	3	HMBS	HGNC:4982
DPAGT1	30	DPAGT1	HGNC:2995
CBL	0	CBL	HGNC:1541
MFRP	30	MFRP	HGNC:18121
TECTA	30	TECTA	HGNC:11720
CLMP	30	CLMP	HGNC:24039
ROBO3	30	ROBO3	HGNC:13433
STT3A	30	STT3A	HGNC:6172
CHEK1	0	CHEK1	HGNC:1925
HYLS1	30	HYLS1	HGNC:26558
FOXRED1	30	FOXRED1	HGNC:26927
KCNJ1	30	KCNJ1	HGNC:6255
ST14	30	ST14	HGNC:11344
JAM3	30	JAM3	HGNC:15532
ACAD8	30	ACAD8	HGNC:87
CACNA1C	1	CACNA1C	HGNC:1390
CHD4	1	CHD4	HGNC:1919
AICDA	30	AICDA	HGNC:13203
PHC1	30	PHC1	HGNC:3182
ETV6	3	ETV6	HGNC:3495
CDKN1B	3	CDKN1B	HGNC:1785
GRIN2B	3	GRIN2B	HGNC:4586
GUCY2C	0	GUCY2C	HGNC:4688
MGP	30	MGP	HGNC:7060
EPS8	30	EPS8	HGNC:3420
GYS2	30	GYS2	HGNC:4707
SOX5	3	SOX5	HGNC:11201
PTHLH	3	PTHLH	HGNC:9607
FGD4	30	FGD4	HGNC:19125
PKP2	3	PKP2	HGNC:9024
CNTN1	30	CNTN1	HGNC:2171
IRAK4	30	IRAK4	HGNC:17967
ARID2	3	ARID2	HGNC:18037
COL2A1	3	COL2A1	HGNC:2200
KMT2D	3	KMT2D	HGNC:7133
TUBA1A	0	TUBA1A	HGNC:20766
GPD1	30	GPD1	HGNC:4455
COX14	30	COX14	HGNC:28216
ACVRL1	3	ACVRL1	HGNC:175
RPS26	3	RPS26	HGNC:10414
CDK4	0	CDK4	HGNC:1773
GNS	30	GNS	HGNC:4422
LEMD3	3	LEMD3	HGNC:28887
MSRB3	30	MSRB3	HGNC:27375
HMGA2	1	HMGA2	HGNC:5009
GRIP1	30	GRIP1	HGNC:18708
CNOT2	1	CNOT2	HGNC:7878
OTOGL	30	OTOGL	HGNC:26901
PTPRQ	30	PTPRQ	HGNC:9679
CEP290	30	CEP290	HGNC:29021
KERA	30	KERA	HGNC:6309
CRADD	30	CRADD	HGNC:2340
SLC17A8	1	SLC17A8	HGNC:20151
PAH	30	PAH	HGNC:8582
UBE3B	30	UBE3B	HGNC:13478
MMAB	30	MMAB	HGNC:19331
TCTN1	30	TCTN1	HGNC:26113
MYL2	30	MYL2	HGNC:7583
PTPN11	3	PTPN11	HGNC:9644
RPH3A	1	RPH3A	HGNC:17056
TBX5	3	TBX5	HGNC:11604
TBX3	3	TBX3	HGNC:11602
EIF2B1	30	EIF2B1	HGNC:3257
TCTN2	30	TCTN2	HGNC:25774
ATP6V0A2	30	ATP6V0A2	HGNC:18481
POLE	1	POLE	HGNC:9177
GJB2	40	GJB2	HGNC:4284
GJB6	0	GJB6	HGNC:4288
SGCG	30	SGCG	HGNC:10809
SACS	30	SACS	HGNC:10519
CENPJ	30	CENPJ	HGNC:17272
ATP8A2	30	ATP8A2	HGNC:13533
POLR1D	3	POLR1D	HGNC:20422
PDX1	30	PDX1	HGNC:6107
POMP	30	POMP	HGNC:20330
TEX26	40	TEX26	HGNC:28622
RXFP2	0	RXFP2	HGNC:17318
BRCA2	3	BRCA2	HGNC:1101
NBEA	3	NBEA	HGNC:7648
CBY2	40	CBY2	HGNC:30720
RB1	3	RB1	HGNC:9884
LPAR6	30	LPAR6	HGNC:15520
ATP7B	30	ATP7B	HGNC:870
PCDH9	0	PCDH9	HGNC:8661
EDNRB	1	EDNRB	HGNC:3180
GPC5	0	GPC5	HGNC:4453
GPC6	30	GPC6	HGNC:4454
ZIC2	3	ZIC2	HGNC:12873
PCCA	30	PCCA	HGNC:8653
ERCC5	30	ERCC5	HGNC:3437
LIG4	30	LIG4	HGNC:6601
F7	30	F7	HGNC:3544
F10	30	F10	HGNC:3528
CHAMP1	2	CHAMP1	HGNC:20311
PNP	30	PNP	HGNC:7892
OR5AU1	0	OR5AU1	HGNC:15362
RPGRIP1	30	RPGRIP1	HGNC:13436
SUPT16H	0	SUPT16H	HGNC:11465
CHD8	3	CHD8	HGNC:20153
SNORD9	0	SNORD9	HGNC:32705
SNORD8	0	SNORD8	HGNC:20159
SLC7A7	30	SLC7A7	HGNC:11065
CEBPE	30	CEBPE	HGNC:1836
MYH7	0	MYH7	HGNC:7577
TGM1	30	TGM1	HGNC:11777
FOXG1	3	FOXG1	HGNC:3811
AP4S1	30	AP4S1	HGNC:575
CFL2	30	CFL2	HGNC:1875
PAX9	3	PAX9	HGNC:8623
DDHD1	30	DDHD1	HGNC:19714
BMP4	2	BMP4	HGNC:1071
GCH1	3	GCH1	HGNC:4193
OTX2	3	OTX2	HGNC:8522
SIX6	0	SIX6	HGNC:10892
SIX1	0	SIX1	HGNC:10887
SIX4	0	SIX4	HGNC:10890
MAX	3	MAX	HGNC:6913
GPHN	2	GPHN	HGNC:15465
ZFYVE26	30	ZFYVE26	HGNC:20761
SMOC1	30	SMOC1	HGNC:20318
FLVCR2	30	FLVCR2	HGNC:20105
TTLL5	30	TTLL5	HGNC:19963
IFT43	30	IFT43	HGNC:29669
POMT2	30	POMT2	HGNC:19743
GALC	30	GALC	HGNC:4115
SPATA7	30	SPATA7	HGNC:20423
TTC8	30	TTC8	HGNC:20087
TDP1	30	TDP1	HGNC:18884
SERPINA1	30	SERPINA1	HGNC:8941
DICER1	3	DICER1	HGNC:17098
DLK1	0	DLK1	HGNC:2907
TECPR2	30	TECPR2	HGNC:19957
AMN	30	AMN	HGNC:14604
CDC42BPB	1	CDC42BPB	HGNC:1738
AKT1	0	AKT1	HGNC:391
NIPA2	0	NIPA2	HGNC:17044
NIPA1	0	NIPA1	HGNC:17043
MAGEL2	1	MAGEL2	HGNC:6814
NDN	0	NDN	HGNC:7675
SNRPN	0	SNRPN	HGNC:11164
SNURF	1	SNURF	HGNC:11171
SNORD107	0	SNORD107	HGNC:32771
SNORD64	0	SNORD64	HGNC:32725
SNORD108	0	SNORD108	HGNC:32772
SNORD109B	0	SNORD109B	HGNC:32774
UBE3A	3	UBE3A	HGNC:12496
ATP10A	0	ATP10A	HGNC:13542
GABRB3	0	GABRB3	HGNC:4083
OCA2	30	OCA2	HGNC:8101
ARHGAP11B	0	ARHGAP11B	HGNC:15782
FAN1	30	FAN1	HGNC:29170
TRPM1	30	TRPM1	HGNC:7146
OTUD7A	0	OTUD7A	HGNC:20718
CHRNA7	0	CHRNA7	HGNC:1960
GREM1	0	GREM1	HGNC:2001
ACTC1	1	ACTC1	HGNC:143
CDIN1	30	CDIN1	HGNC:26929
MEIS2	3	MEIS2	HGNC:7001
SPRED1	3	SPRED1	HGNC:20249
BUB1B	30	BUB1B	HGNC:1149
NDUFAF1	30	NDUFAF1	HGNC:18828
CAPN3	30	CAPN3	HGNC:1480
CDAN1	30	CDAN1	HGNC:1713
UBR1	30	UBR1	HGNC:16808
EPB42	30	EPB42	HGNC:3381
TGM5	30	TGM5	HGNC:11781
STRC	30	STRC	HGNC:16035
CATSPER2	30	CATSPER2	HGNC:18810
SLC12A1	30	SLC12A1	HGNC:10910
FBN1	3	FBN1	HGNC:3603
DMXL2	0	DMXL2	HGNC:2938
MYO5A	30	MYO5A	HGNC:7602
WDR72	30	WDR72	HGNC:26790
RAB27A	30	RAB27A	HGNC:9766
MYO1E	30	MYO1E	HGNC:7599
TPM1	0	TPM1	HGNC:12010
CA12	30	CA12	HGNC:1371
PPIB	30	PPIB	HGNC:9255
TRIP4	30	TRIP4	HGNC:12310
SPG21	30	SPG21	HGNC:20373
MTFMT	30	MTFMT	HGNC:29666
SLC24A1	30	SLC24A1	HGNC:10975
MAP2K1	0	MAP2K1	HGNC:6840
ZWILCH	1	ZWILCH	HGNC:25468
SMAD3	3	SMAD3	HGNC:6769
AAGAB	3	AAGAB	HGNC:25662
SIN3A	3	SIN3A	HGNC:19353
FAH	30	FAH	HGNC:3579
EFL1	30	EFL1	HGNC:25789
RPS17	3	RPS17	HGNC:10397
ZNF592	0	ZNF592	HGNC:28986
FANCI	30	FANCI	HGNC:25568
KIF7	30	KIF7	HGNC:30497
BLM	30	BLM	HGNC:1058
CHD2	3	CHD2	HGNC:1917
NR2F2	0	NR2F2	HGNC:7976
IGF1R	3	IGF1R	HGNC:5465
ADAMTS17	30	ADAMTS17	HGNC:17109
CERS3	30	CERS3	HGNC:23752
LINS1	30	LINS1	HGNC:30922
ALDH1A3	30	ALDH1A3	HGNC:409
CHSY1	30	CHSY1	HGNC:17198
HBA2	30	HBA2	HGNC:4824
HBA1	30	HBA1	HGNC:4823
STUB1	30	STUB1	HGNC:11427
SOX8	0	SOX8	HGNC:11203
TPSD1	40	TPSD1	HGNC:14118
IFT140	30	IFT140	HGNC:29077
GFER	30	GFER	HGNC:4236
NTHL1	30	NTHL1	HGNC:8028
TSC2	3	TSC2	HGNC:12363
PKD1	3	PKD1	HGNC:9008
MEFV	0	MEFV	HGNC:6998
DNASE1	0	DNASE1	HGNC:2956
CREBBP	3	CREBBP	HGNC:2348
ROGDI	30	ROGDI	HGNC:29478
ALG1	30	ALG1	HGNC:18294
ABAT	30	ABAT	HGNC:23
PMM2	30	PMM2	HGNC:9115
GRIN2A	3	GRIN2A	HGNC:4585
LITAF	0	LITAF	HGNC:16841
NTAN1	0	NTAN1	HGNC:29909
NDE1	30	NDE1	HGNC:17619
MYH11	0	MYH11	HGNC:7569
XYLT1	30	XYLT1	HGNC:15516
ARL6IP1	30	ARL6IP1	HGNC:697
OTOA	30	OTOA	HGNC:16378
COG7	30	COG7	HGNC:18622
EARS2	30	EARS2	HGNC:29419
IL21R	30	IL21R	HGNC:6006
CLN3	30	CLN3	HGNC:2074
TUFM	30	TUFM	HGNC:12420
SH2B1	1	SH2B1	HGNC:30417
ATP2A1	30	ATP2A1	HGNC:811
CD19	30	CD19	HGNC:1633
PRRT2	3	PRRT2	HGNC:30500
ALDOA	30	ALDOA	HGNC:414
CORO1A	30	CORO1A	HGNC:2252
SRCAP	1	SRCAP	HGNC:16974
PHKG2	30	PHKG2	HGNC:8931
SETD1A	3	SETD1A	HGNC:29010
HSD3B7	30	HSD3B7	HGNC:18324
BCKDK	30	BCKDK	HGNC:16902
ORC6	30	ORC6	HGNC:17151
PHKB	30	PHKB	HGNC:8927
CYLD	3	CYLD	HGNC:2584
SALL1	1	SALL1	HGNC:10524
GNAO1	1	GNAO1	HGNC:4389
SLC12A3	30	SLC12A3	HGNC:10912
ADGRG1	30	ADGRG1	HGNC:4512
CNGB1	30	CNGB1	HGNC:2151
CNOT1	3	CNOT1	HGNC:7877
CBFB	0	CBFB	HGNC:1539
CTCF	3	CTCF	HGNC:13723
ACD	1	ACD	HGNC:25070
CDH1	3	CDH1	HGNC:1748
COG8	30	COG8	HGNC:18623
AARS1	0	AARS1	HGNC:20
COG4	30	COG4	HGNC:18620
DHODH	30	DHODH	HGNC:2867
FA2H	30	FA2H	HGNC:21197
CHST6	30	CHST6	HGNC:6938
TMEM231	30	TMEM231	HGNC:37234
KARS1	30	KARS1	HGNC:6215
ADAMTS18	30	ADAMTS18	HGNC:17110
WWOX	30	WWOX	HGNC:12799
GCSH	30	GCSH	HGNC:4208
GAN	30	GAN	HGNC:4137
SDR42E1	40	SDR42E1	HGNC:29834
MLYCD	30	MLYCD	HGNC:7150
SLC38A8	30	SLC38A8	HGNC:32434
DNAAF1	30	DNAAF1	HGNC:30539
ATP2C2	0	ATP2C2	HGNC:29103
FOXF1	3	FOXF1	HGNC:3809
FOXC2	3	FOXC2	HGNC:3801
CA5A	30	CA5A	HGNC:1377
CDT1	30	CDT1	HGNC:24576
GALNS	30	GALNS	HGNC:4122
ACSF3	30	ACSF3	HGNC:27288
CDH15	0	CDH15	HGNC:1754
ANKRD11	3	ANKRD11	HGNC:21316
SPG7	30	SPG7	HGNC:11237
CHMP1A	30	CHMP1A	HGNC:8740
TUBB3	0	TUBB3	HGNC:20772
VPS53	30	VPS53	HGNC:25608
ABR	0	ABR	HGNC:81
YWHAE	0	YWHAE	HGNC:12851
PITPNA	0	PITPNA	HGNC:9001
SERPINF1	30	SERPINF1	HGNC:8824
PAFAH1B1	3	PAFAH1B1	HGNC:8574
ASPA	30	ASPA	HGNC:756
CTNS	30	CTNS	HGNC:2518
ZMYND15	30	ZMYND15	HGNC:20997
ENO3	30	ENO3	HGNC:3354
KIF1C	30	KIF1C	HGNC:6317
SLC13A5	30	SLC13A5	HGNC:23089
ACADVL	30	ACADVL	HGNC:92
TP53	3	TP53	HGNC:11998
WRAP53	30	WRAP53	HGNC:25522
KDM6B	1	KDM6B	HGNC:29012
CTC1	30	CTC1	HGNC:26169
MYH10	1	MYH10	HGNC:7568
COX10	30	COX10	HGNC:2260
PMP22	3	PMP22	HGNC:9118
TTC19	30	TTC19	HGNC:26006
FLCN	3	FLCN	HGNC:27310
RAI1	3	RAI1	HGNC:9834
ATPAF2	30	ATPAF2	HGNC:18802
MYO15A	30	MYO15A	HGNC:7594
B9D1	30	B9D1	HGNC:24123
ALDH3A2	30	ALDH3A2	HGNC:403
CRYBA1	0	CRYBA1	HGNC:2394
TAOK1	3	TAOK1	HGNC:29259
SLC6A4	0	SLC6A4	HGNC:11050
RNF135	0	RNF135	HGNC:21158
NF1	3	NF1	HGNC:7765
SUZ12	0	SUZ12	HGNC:17101
RAD51D	2	RAD51D	HGNC:9823
PIGW	30	PIGW	HGNC:23213
HNF1B	3	HNF1B	HGNC:11630
GPR179	30	GPR179	HGNC:31371
PGAP3	30	PGAP3	HGNC:23719
THRA	0	THRA	HGNC:11796
KRT24	40	KRT24	HGNC:18527
KRT37	40	KRT37	HGNC:6455
BRCA1	3	BRCA1	HGNC:1100
SOST	30	SOST	HGNC:13771
G6PC3	30	G6PC3	HGNC:24861
EFTUD2	3	EFTUD2	HGNC:30858
CCDC103	30	CCDC103	HGNC:32700
CRHR1	0	CRHR1	HGNC:2357
MAPT	0	MAPT	HGNC:6893
KANSL1	3	KANSL1	HGNC:24565
ITGB3	0	ITGB3	HGNC:6156
EFCAB13	40	EFCAB13	HGNC:26864
ITGA3	30	ITGA3	HGNC:6139
COL1A1	3	COL1A1	HGNC:2197
NOG	3	NOG	HGNC:7866
DGKE	30	DGKE	HGNC:2852
RAD51C	3	RAD51C	HGNC:9820
TRIM37	30	TRIM37	HGNC:7523
CLTC	3	CLTC	HGNC:2092
PPM1D	0	PPM1D	HGNC:9277
TBX2	1	TBX2	HGNC:11597
TBX4	3	TBX4	HGNC:11603
BRIP1	3	BRIP1	HGNC:20473
AXIN2	3	AXIN2	HGNC:904
BPTF	3	BPTF	HGNC:3581
SOX9	3	SOX9	HGNC:11204
COG1	30	COG1	HGNC:6545
DNAI2	30	DNAI2	HGNC:18744
USH1G	30	USH1G	HGNC:16356
SLC25A19	30	SLC25A19	HGNC:14409
TSEN54	30	TSEN54	HGNC:27561
GALK1	30	GALK1	HGNC:4118
ACOX1	30	ACOX1	HGNC:119
PRCD	30	PRCD	HGNC:32528
METTL23	30	METTL23	HGNC:26988
TMC6	30	TMC6	HGNC:18021
TMC8	30	TMC8	HGNC:20474
CANT1	30	CANT1	HGNC:19721
CCDC40	30	CCDC40	HGNC:26090
GAA	30	GAA	HGNC:4065
EIF4A3	30	EIF4A3	HGNC:18683
CARD14	0	CARD14	HGNC:16446
SGSH	30	SGSH	HGNC:10818
PYCR1	30	PYCR1	HGNC:9721
DCXR	30	DCXR	HGNC:18985
LPIN2	30	LPIN2	HGNC:14450
TGIF1	3	TGIF1	HGNC:11776
LAMA1	30	LAMA1	HGNC:6481
NDUFV2	30	NDUFV2	HGNC:7717
MC2R	30	MC2R	HGNC:6930
GATA6	3	GATA6	HGNC:4174
RBBP8	30	RBBP8	HGNC:9891
NPC1	30	NPC1	HGNC:7897
LAMA3	30	LAMA3	HGNC:6483
DSC3	30	DSC3	HGNC:3037
DSC2	2	DSC2	HGNC:3036
DSG4	30	DSG4	HGNC:21307
DSG2	2	DSG2	HGNC:3049
ASXL3	3	ASXL3	HGNC:29357
CELF4	1	CELF4	HGNC:14015
SETBP1	3	SETBP1	HGNC:15573
LOXHD1	30	LOXHD1	HGNC:26521
KATNAL2	1	KATNAL2	HGNC:25387
ELOA3	0	ELOA3P	HGNC:24617
SMAD2	0	SMAD2	HGNC:6768
DYM	30	DYM	HGNC:21317
MYO5B	30	MYO5B	HGNC:7603
CFAP53	30	CFAP53	HGNC:26530
SMAD4	3	SMAD4	HGNC:6770
TCF4	3	TCF4	HGNC:11634
MALT1	30	MALT1	HGNC:6819
RAX	30	RAX	HGNC:18662
LMAN1	30	LMAN1	HGNC:6631
CCBE1	30	CCBE1	HGNC:29426
PIGN	30	PIGN	HGNC:8967
SERPINB7	30	SERPINB7	HGNC:13902
RTTN	30	RTTN	HGNC:18654
CYB5A	30	CYB5A	HGNC:2570
ZNF407	0	ZNF407	HGNC:19904
GALR1	0	GALR1	HGNC:4132
CTDP1	30	CTDP1	HGNC:2498
ELANE	1	ELANE	HGNC:3309
CFD	30	CFD	HGNC:2771
GRIN3B	40	GRIN3B	HGNC:16768
GPX4	30	GPX4	HGNC:4556
STK11	3	STK11	HGNC:11389
NDUFS7	30	NDUFS7	HGNC:7714
GAMT	30	GAMT	HGNC:4136
AMH	30	AMH	HGNC:464
GIPC3	30	GIPC3	HGNC:18183
PIP5K1C	30	PIP5K1C	HGNC:8996
ATCAY	30	ATCAY	HGNC:779
MAP2K2	1	MAP2K2	HGNC:6842
CLPP	30	CLPP	HGNC:2084
TUBB4A	0	TUBB4A	HGNC:20774
SMARCA4	2	SMARCA4	HGNC:11100
LDLR	3	LDLR	HGNC:6547
ACP5	30	ACP5	HGNC:124
MAN2B1	30	MAN2B1	HGNC:6826
RNASEH2A	30	RNASEH2A	HGNC:18518
GCDH	30	GCDH	HGNC:4189
NFIX	3	NFIX	HGNC:7788
CACNA1A	3	CACNA1A	HGNC:1388
CYP4F22	30	CYP4F22	HGNC:26820
PIK3R2	0	PIK3R2	HGNC:8980
C19orf12	30	C19orf12	HGNC:25443
SLC7A9	30	SLC7A9	HGNC:11067
CEBPA	0	CEBPA	HGNC:1833
PEPD	30	PEPD	HGNC:8840
SCN1B	0	SCN1B	HGNC:10586
COX6B1	30	COX6B1	HGNC:2280
KMT2B	3	KMT2B	HGNC:15840
NPHS1	30	NPHS1	HGNC:7908
TYROBP	30	TYROBP	HGNC:12449
SDHAF1	30	SDHAF1	HGNC:33867
SYNE4	30	SYNE4	HGNC:26703
WDR62	30	WDR62	HGNC:24502
RYR1	0	RYR1	HGNC:10483
AKT2	0	AKT2	HGNC:392
RPS19	3	RPS19	HGNC:10402
ERF	3	ERF	HGNC:3444
CIC	3	CIC	HGNC:14214
APOC2	30	APOC2	HGNC:609
ERCC2	30	ERCC2	HGNC:3434
ERCC1	30	ERCC1	HGNC:3433
CCDC8	30	CCDC8	HGNC:25367
LMTK3	1	LMTK3	HGNC:19295
FTL	0	FTL	HGNC:3999
POLD1	1	POLD1	HGNC:9175
SHANK1	1	SHANK1	HGNC:15474
KLK12	40	KLK12	HGNC:6360
ETFB	30	ETFB	HGNC:3482
SIGLEC5	40	SIGLEC5	HGNC:10874
CNOT3	0	CNOT3	HGNC:7879
GP6	30	GP6	HGNC:14388
TNNT1	30	TNNT1	HGNC:11948
TNNI3	1	TNNI3	HGNC:11947
ZIM2	0	ZIM2	HGNC:12875
PEG3	0	PEG3	HGNC:8826
ZNF264	0	ZNF264	HGNC:13057
TPO	30	TPO	HGNC:12015
PXDN	30	PXDN	HGNC:14966
MYT1L	3	MYT1L	HGNC:7623
COLEC11	30	COLEC11	HGNC:17213
SOX11	3	SOX11	HGNC:11191
NBAS	30	NBAS	HGNC:15625
MYCN	3	MYCN	HGNC:7559
GEN1	40	GEN1	HGNC:26881
WDR35	30	WDR35	HGNC:29250
MATN3	0	MATN3	HGNC:6909
APOB	3	APOB	HGNC:603
DNMT3A	1	DNMT3A	HGNC:2978
ASXL2	0	ASXL2	HGNC:23805
OTOF	30	OTOF	HGNC:8515
PCARE	30	PCARE	HGNC:34383
ALK	0	ALK	HGNC:427
XDH	30	XDH	HGNC:12805
SRD5A2	30	SRD5A2	HGNC:11285
SPAST	3	SPAST	HGNC:11233
DHX57	0	DHX57	HGNC:20086
SOS1	0	SOS1	HGNC:11187
ABCG5	30	ABCG5	HGNC:13886
ABCG8	30	ABCG8	HGNC:13887
LRPPRC	30	LRPPRC	HGNC:15714
SLC3A1	30	SLC3A1	HGNC:11025
PREPL	30	PREPL	HGNC:30228
SIX3	3	SIX3	HGNC:10889
CRIPT	30	CRIPT	HGNC:14312
MCFD2	30	MCFD2	HGNC:18451
TTC7A	30	TTC7A	HGNC:19750
EPCAM	30	EPCAM	HGNC:11529
MSH2	3	MSH2	HGNC:7325
MSH6	3	MSH6	HGNC:7329
NRXN1	3	NRXN1	HGNC:8008
BCL11A	3	BCL11A	HGNC:13221
FAM161A	30	FAM161A	HGNC:25808
WDPCP	30	WDPCP	HGNC:28027
MCEE	30	MCEE	HGNC:16732
ALMS1	30	ALMS1	HGNC:428
DGUOK	30	DGUOK	HGNC:2858
SUCLG1	30	SUCLG1	HGNC:11449
ST3GAL5	30	ST3GAL5	HGNC:10872
CD8A	30	CD8A	HGNC:1706
EIF2AK3	30	EIF2AK3	HGNC:3255
TMEM127	3	TMEM127	HGNC:26038
CNNM4	30	CNNM4	HGNC:105
NPHP1	30	NPHP1	HGNC:7905
BCL2L11	0	BCL2L11	HGNC:994
PAX8	1	PAX8	HGNC:8622
RABL2A	40	RABL2A	HGNC:9799
GLI2	3	GLI2	HGNC:4318
CLASP1	0	CLASP1	HGNC:17088
BIN1	30	BIN1	HGNC:1052
ERCC3	30	ERCC3	HGNC:3435
CFC1	0	CFC1	HGNC:18292
GPR148	0	GPR148	HGNC:23623
ARHGEF4	0	ARHGEF4	HGNC:684
RAB3GAP1	30	RAB3GAP1	HGNC:17063
LCT	30	LCT	HGNC:6530
ZEB2	3	ZEB2	HGNC:14881
ORC4	30	ORC4	HGNC:8490
MBD5	3	MBD5	HGNC:20444
MMADHC	30	MMADHC	HGNC:25221
NR4A2	3	NR4A2	HGNC:7981
TBR1	3	TBR1	HGNC:11590
SLC4A10	1	SLC4A10	HGNC:13811
SCN2A	3	SCN2A	HGNC:10588
GALNT3	30	GALNT3	HGNC:4125
TTC21B	30	TTC21B	HGNC:25660
SCN1A	3	SCN1A	HGNC:10585
ABCB11	30	ABCB11	HGNC:42
LRP2	30	LRP2	HGNC:6694
BBS5	30	BBS5	HGNC:970
SLC25A12	0	SLC25A12	HGNC:10982
DLX1	0	DLX1	HGNC:2914
DLX2	0	DLX2	HGNC:2915
EVX2	0	EVX2	HGNC:3507
HOXD13	3	HOXD13	HGNC:5136
HOXD9	0	HOXD9	HGNC:5140
TTN	3	TTN	HGNC:12403
NCKAP1	3	NCKAP1	HGNC:7666
COL3A1	3	COL3A1	HGNC:2201
STAT1	0	STAT1	HGNC:11362
SATB2	3	SATB2	HGNC:21637
NDUFB3	30	NDUFB3	HGNC:7698
CASP10	1	CASP10	HGNC:1500
TMEM237	30	TMEM237	HGNC:14432
ALS2	30	ALS2	HGNC:443
BMPR2	3	BMPR2	HGNC:1078
CRYGC	0	CRYGC	HGNC:2410
CPS1	30	CPS1	HGNC:2323
BARD1	3	BARD1	HGNC:952
BCS1L	30	BCS1L	HGNC:1020
CYP27A1	30	CYP27A1	HGNC:2605
SPEG	30	SPEG	HGNC:16901
GMPPA	30	GMPPA	HGNC:22923
OBSL1	30	OBSL1	HGNC:29092
PAX3	3	PAX3	HGNC:8617
COL4A3	30	COL4A3	HGNC:2204
TRIP12	3	TRIP12	HGNC:12306
DIS3L2	1	DIS3L2	HGNC:28648
GIGYF2	1	GIGYF2	HGNC:11960
SPP2	0	SPP2	HGNC:11256
MLPH	30	MLPH	HGNC:29643
TWIST2	30	TWIST2	HGNC:20670
HDAC4	1	HDAC4	HGNC:14063
NDUFA10	30	NDUFA10	HGNC:7684
KIF1A	0	KIF1A	HGNC:888
AGXT	30	AGXT	HGNC:341
D2HGDH	30	D2HGDH	HGNC:28358
TBC1D20	30	TBC1D20	HGNC:16133
CSNK2A1	2	CSNK2A1	HGNC:2457
SLC52A3	30	SLC52A3	HGNC:16187
RSPO4	30	RSPO4	HGNC:16175
PLCB1	30	PLCB1	HGNC:15917
MKKS	30	MKKS	HGNC:7108
JAG1	3	JAG1	HGNC:6188
NDUFAF5	30	NDUFAF5	HGNC:15899
SEC23B	30	SEC23B	HGNC:10702
RIN2	30	RIN2	HGNC:18750
PAX1	30	PAX1	HGNC:8615
ABHD12	30	ABHD12	HGNC:15868
ASXL1	3	ASXL1	HGNC:18318
AHCY	30	AHCY	HGNC:343
ITCH	30	ITCH	HGNC:13890
GDF5	3	GDF5	HGNC:4220
NNAT	0	NNAT	HGNC:7860
RALGAPB	1	RALGAPB	HGNC:29221
MAFB	0	MAFB	HGNC:6408
L3MBTL1	0	L3MBTL1	HGNC:15905
SLC2A10	30	SLC2A10	HGNC:13444
ARFGEF2	30	ARFGEF2	HGNC:15853
ADNP	3	ADNP	HGNC:15766
DPM1	30	DPM1	HGNC:3005
SALL4	3	SALL4	HGNC:15924
CYP24A1	30	CYP24A1	HGNC:2602
GNAS	3	GNAS	HGNC:4392
KCNQ2	3	KCNQ2	HGNC:6296
EEF1A2	0	EEF1A2	HGNC:3192
APP	0	APP	HGNC:620
DNAJC28	40	DNAJC28	HGNC:1297
SON	3	SON	HGNC:11183
ITSN1	1	ITSN1	HGNC:6183
RCAN1	0	RCAN1	HGNC:3040
RUNX1	3	RUNX1	HGNC:10471
CLDN14	30	CLDN14	HGNC:2035
HLCS	30	HLCS	HGNC:4976
VPS26C	0	VPS26C	HGNC:3044
DYRK1A	3	DYRK1A	HGNC:3091
RIPK4	30	RIPK4	HGNC:496
TMPRSS3	30	TMPRSS3	HGNC:11877
RSPH1	30	RSPH1	HGNC:12371
CBS	30	CBS	HGNC:1550
CSTB	30	CSTB	HGNC:2482
TRAPPC10	0	TRAPPC10	HGNC:11868
TSPEAR	30	TSPEAR	HGNC:1268
ITGB2	30	ITGB2	HGNC:6155
FTCD	30	FTCD	HGNC:3974
LSS	0	LSS	HGNC:6708
DIP2A	1	DIP2A	HGNC:17217
GAB4	40	GAB4	HGNC:18325
IL17RA	30	IL17RA	HGNC:5985
ADA2	30	ADA2	HGNC:1839
ATP6V1E1	0	ATP6V1E1	HGNC:857
PEX26	30	PEX26	HGNC:22965
PRODH	30	PRODH	HGNC:9453
SLC25A1	30	SLC25A1	HGNC:10979
HIRA	0	HIRA	HGNC:4916
GP1BB	30	GP1BB	HGNC:4440
TBX1	2	TBX1	HGNC:11592
SCARF2	30	SCARF2	HGNC:19869
SNAP29	30	SNAP29	HGNC:11133
CRKL	1	CRKL	HGNC:2363
TOP3B	0	TOP3B	HGNC:11993
BCR	0	BCR	HGNC:1014
IGLL1	30	IGLL1	HGNC:5870
SMARCB1	3	SMARCB1	HGNC:11103
UPB1	30	UPB1	HGNC:16297
CRYBB2	0	CRYBB2	HGNC:2398
CHEK2	3	CHEK2	HGNC:16627
NF2	3	NF2	HGNC:7773
SEC14L4	40	SEC14L4	HGNC:20627
TCN2	30	TCN2	HGNC:11653
SLC5A1	30	SLC5A1	HGNC:11036
FBXO7	30	FBXO7	HGNC:13586
LARGE1	30	LARGE1	HGNC:6511
IFT27	30	IFT27	HGNC:18626
NCF4	30	NCF4	HGNC:7662
CSF2RB	30	CSF2RB	HGNC:2436
TMPRSS6	30	TMPRSS6	HGNC:16517
TRIOBP	30	TRIOBP	HGNC:17009
SOX10	3	SOX10	HGNC:11190
PLA2G6	30	PLA2G6	HGNC:9039
TNRC6B	3	TNRC6B	HGNC:29190
ADSL	30	ADSL	HGNC:291
XPNPEP3	30	XPNPEP3	HGNC:28052
EP300	3	EP300	HGNC:3373
TCF20	3	TCF20	HGNC:11631
A4GALT	30	A4GALT	HGNC:18149
TRMU	30	TRMU	HGNC:25481
ALG12	30	ALG12	HGNC:19358
MLC1	30	MLC1	HGNC:17082
TUBGCP6	30	TUBGCP6	HGNC:18127
TYMP	30	TYMP	HGNC:3148
CHKB	30	CHKB	HGNC:1938
ARSA	30	ARSA	HGNC:713
SHANK3	3	SHANK3	HGNC:14294
CNTN6	0	CNTN6	HGNC:2176
CNTN4	0	CNTN4	HGNC:2174
SUMF1	30	SUMF1	HGNC:20376
SETD5	3	SETD5	HGNC:25566
CIDEC	30	CIDEC	HGNC:24229
FANCD2	30	FANCD2	HGNC:3585
VHL	3	VHL	HGNC:12687
SLC6A1	3	SLC6A1	HGNC:11042
TSEN2	30	TSEN2	HGNC:28422
RAF1	0	RAF1	HGNC:9829
WNT7A	30	WNT7A	HGNC:12786
TMEM43	0	TMEM43	HGNC:28472
XPC	30	XPC	HGNC:12816
COLQ	30	COLQ	HGNC:2226
BTD	30	BTD	HGNC:1122
TBC1D5	0	TBC1D5	HGNC:19166
RPL15	1	RPL15	HGNC:10306
NGLY1	30	NGLY1	HGNC:17646
GLB1	30	GLB1	HGNC:4298
CRTAP	30	CRTAP	HGNC:2379
MLH1	3	MLH1	HGNC:7127
SLC22A14	40	SLC22A14	HGNC:8495
SCN5A	3	SCN5A	HGNC:10593
CTNNB1	3	CTNNB1	HGNC:2514
FYCO1	30	FYCO1	HGNC:14673
TDGF1	1	CRIPTO	HGNC:11701
MYL3	0	MYL3	HGNC:7584
SETD2	3	SETD2	HGNC:18420
COL7A1	30	COL7A1	HGNC:2214
BAP1	3	BAP1	HGNC:950
FLNB	0	FLNB	HGNC:3755
FHIT	0	FHIT	HGNC:3701
MITF	3	MITF	HGNC:7105
FOXP1	3	FOXP1	HGNC:3823
ROBO1	0	ROBO1	HGNC:10249
GBE1	30	GBE1	HGNC:4180
ARL6	30	ARL6	HGNC:13210
GUCA1C	40	GUCA1C	HGNC:4680
ARHGAP31	0	ARHGAP31	HGNC:29216
MYLK	1	MYLK	HGNC:7590
GATA2	3	GATA2	HGNC:4171
COL6A5	40	COL6A5	HGNC:26674
FOXL2	3	FOXL2	HGNC:1092
ATR	1	ATR	HGNC:882
PLOD2	30	PLOD2	HGNC:9082
ZIC4	0	ZIC4	HGNC:20393
ZIC1	0	ZIC1	HGNC:12872
HPS3	30	HPS3	HGNC:15597
CP	30	CP	HGNC:2295
CLRN1	30	CLRN1	HGNC:12605
GFM1	30	GFM1	HGNC:13780
SI	30	SI	HGNC:10856
BCHE	30	BCHE	HGNC:983
NLGN1	0	NLGN1	HGNC:14291
NAALADL2	0	NAALADL2	HGNC:23219
TBL1XR1	3	TBL1XR1	HGNC:29529
PIK3CA	0	PIK3CA	HGNC:8975
CCDC39	30	CCDC39	HGNC:25244
SOX2	3	SOX2	HGNC:11195
MCCC1	30	MCCC1	HGNC:6936
TP63	1	TP63	HGNC:15979
FGF12	0	FGF12	HGNC:3668
PCYT1A	30	PCYT1A	HGNC:8754
RNF168	30	RNF168	HGNC:26661
PAK2	1	PAK2	HGNC:8591
ZNF141	30	ZNF141	HGNC:12926
IDUA	30	IDUA	HGNC:5391
FGFRL1	0	FGFRL1	HGNC:3693
UVSSA	30	UVSSA	HGNC:29304
FGFR3	0	FGFR3	HGNC:3690
LETM1	0	LETM1	HGNC:6556
NELFA	0	NELFA	HGNC:12768
NAT8L	30	NAT8L	HGNC:26742
DOK7	30	DOK7	HGNC:26594
LRPAP1	30	LRPAP1	HGNC:6701
MSX1	3	MSX1	HGNC:7391
EVC2	30	EVC2	HGNC:19747
WFS1	0	WFS1	HGNC:12762
DRD5	0	DRD5	HGNC:3026
CLNK	0	CLNK	HGNC:17438
RAB28	30	RAB28	HGNC:9768
NKX3-2	30	NKX3-2	HGNC:951
CC2D2A	30	CC2D2A	HGNC:29253
QDPR	30	QDPR	HGNC:9752
SEPSECS	30	SEPSECS	HGNC:30605
SLC34A2	30	SLC34A2	HGNC:11020
GRXCR1	30	GRXCR1	HGNC:31673
YTHDC1	1	YTHDC1	HGNC:30626
HTN3	40	HTN3	HGNC:5284
ANKRD17	3	ANKRD17	HGNC:23575
SCARB2	0	SCARB2	HGNC:1665
ANTXR2	30	ANTXR2	HGNC:21732
COQ2	30	COQ2	HGNC:25223
ABRAXAS1	0	ABRAXAS1	HGNC:25829
HSD17B13	40	HSD17B13	HGNC:18685
DSPP	0	DSPP	HGNC:3054
DMP1	30	DMP1	HGNC:2932
PKD2	3	PKD2	HGNC:9009
TRMT10A	30	TRMT10A	HGNC:28403
MTTP	30	MTTP	HGNC:7467
AIMP1	30	AIMP1	HGNC:10648
PITX2	3	PITX2	HGNC:9005
ANK2	3	ANK2	HGNC:493
BBS7	30	BBS7	HGNC:18758
BBS12	30	BBS12	HGNC:26648
MFSD8	30	MFSD8	HGNC:28486
NAA15	3	NAA15	HGNC:30782
MMAA	30	MMAA	HGNC:18871
NR3C2	3	NR3C2	HGNC:7979
LRBA	30	LRBA	HGNC:1742
TRIM2	30	TRIM2	HGNC:15974
LRAT	30	LRAT	HGNC:6685
GLRB	30	GLRB	HGNC:4329
ETFDH	30	ETFDH	HGNC:3483
NEK1	30	NEK1	HGNC:7744
HPGD	30	HPGD	HGNC:5154
AGA	30	AGA	HGNC:318
CYP4V2	30	CYP4V2	HGNC:23198
SLC6A18	40	SLC6A18	HGNC:26441
SLC6A3	30	SLC6A3	HGNC:11049
NDUFS6	30	NDUFS6	HGNC:7713
MTRR	30	MTRR	HGNC:7473
CCT5	30	CCT5	HGNC:1618
CTNND2	1	CTNND2	HGNC:2516
DNAH5	30	DNAH5	HGNC:2950
TRIO	3	TRIO	HGNC:12303
ANKH	0	ANKH	HGNC:15492
RETREG1	30	RETREG1	HGNC:25964
DNAJC21	1	DNAJC21	HGNC:27030
NIPBL	3	NIPBL	HGNC:28862
CPLANE1	30	CPLANE1	HGNC:25801
OXCT1	30	OXCT1	HGNC:8527
FGF10	3	FGF10	HGNC:3666
MOCS2	30	MOCS2	HGNC:7193
NDUFS4	30	NDUFS4	HGNC:7711
MAP3K1	0	MAP3K1	HGNC:6848
PDE4D	0	PDE4D	HGNC:8783
ERCC8	30	ERCC8	HGNC:3439
NDUFAF2	30	NDUFAF2	HGNC:28086
MARVELD2	30	MARVELD2	HGNC:26401
OCLN	30	OCLN	HGNC:8104
HEXB	30	HEXB	HGNC:4879
CERT1	0	CERT1	HGNC:2205
MSH3	30	MSH3	HGNC:7326
RASA1	3	RASA1	HGNC:9871
MEF2C	3	MEF2C	HGNC:6996
ADGRV1	30	ADGRV1	HGNC:17416
NR2F1	3	NR2F1	HGNC:7975
TTC37	30	SKIC3	HGNC:23639
APC	3	APC	HGNC:583
HSD17B4	30	HSD17B4	HGNC:5213
PRDM6	0	PRDM6	HGNC:9350
LMNB1	0	LMNB1	HGNC:6637
LYRM7	30	LYRM7	HGNC:28072
CTNNA1	3	CTNNA1	HGNC:2509
SIL1	30	SIL1	HGNC:24624
PURA	3	PURA	HGNC:9701
PCDHGA8	40	PCDHGA8	HGNC:8706
SPINK1	3	SPINK1	HGNC:11244
SPINK5	30	SPINK5	HGNC:15464
SH3TC2	30	SH3TC2	HGNC:29427
TIGD6	40	TIGD6	HGNC:18332
CAMK2A	1	CAMK2A	HGNC:1460
TCOF1	3	TCOF1	HGNC:11654
GABRA1	1	GABRA1	HGNC:4075
GABRG2	1	GABRG2	HGNC:4087
TLX3	0	TLX3	HGNC:13532
FBXW11	0	FBXW11	HGNC:13607
NKX2-5	3	NKX2-5	HGNC:2488
MSX2	1	MSX2	HGNC:7392
NSD1	3	NSD1	HGNC:14234
SLC34A1	30	SLC34A1	HGNC:11019
DDX41	3	DDX41	HGNC:18674
B4GALT7	30	B4GALT7	HGNC:930
PROP1	30	PROP1	HGNC:9455
NHP2	30	NHP2	HGNC:14377
GRM6	30	GRM6	HGNC:4598
ADAMTS2	30	ADAMTS2	HGNC:218
FOXC1	3	FOXC1	HGNC:3800
SERPINB6	30	SERPINB6	HGNC:8950
BPHL	40	BPHL	HGNC:1094
FARS2	30	FARS2	HGNC:21062
F13A1	30	F13A1	HGNC:3531
DSP	3	DSP	HGNC:3052
NEDD9	1	NEDD9	HGNC:7733
JARID2	0	JARID2	HGNC:6196
ALDH5A1	30	ALDH5A1	HGNC:408
HFE	30	HFE	HGNC:4886
H1-4	0	H1-4	HGNC:4718
PSORS1C2	40	PSORS1C2	HGNC:17199
CYP21A2	30	CYP21A2	HGNC:2600
SYNGAP1	3	SYNGAP1	HGNC:11497
FANCE	30	FANCE	HGNC:3586
PPP2R5D	1	PPP2R5D	HGNC:9312
POLH	30	POLH	HGNC:9181
AARS2	30	AARS2	HGNC:21022
MMUT	30	MMUT	HGNC:7526
TFAP2B	3	TFAP2B	HGNC:11743
PHF3	1	PHF3	HGNC:8921
EYS	30	EYS	HGNC:21555
COL9A1	0	COL9A1	HGNC:2217
RIMS1	1	RIMS1	HGNC:17282
KHDC3L	30	KHDC3L	HGNC:33699
MTO1	30	MTO1	HGNC:19261
SLC17A5	30	SLC17A5	HGNC:10933
PHIP	3	PHIP	HGNC:15673
LCA5	30	LCA5	HGNC:31923
BCKDHB	30	BCKDHB	HGNC:987
PGM3	30	PGM3	HGNC:8907
RARS2	30	RARS2	HGNC:21406
SIM1	1	SIM1	HGNC:10882
GRIK2	30	GRIK2	HGNC:4580
PDSS2	30	PDSS2	HGNC:23041
SOBP	30	SOBP	HGNC:29256
OSTM1	30	OSTM1	HGNC:21652
ZBTB24	30	ZBTB24	HGNC:21143
CCN6	30	CCN6	HGNC:12771
DSE	30	DSE	HGNC:21144
RSPH4A	30	RSPH4A	HGNC:21558
RFX6	30	RFX6	HGNC:21478
NUS1	3	NUS1	HGNC:21042
GJA1	0	GJA1	HGNC:4274
TRDN	30	TRDN	HGNC:12261
LAMA2	30	LAMA2	HGNC:6482
ARG1	30	ARG1	HGNC:663
ENPP1	30	ENPP1	HGNC:3356
EYA4	3	EYA4	HGNC:3522
AHI1	30	AHI1	HGNC:21575
BCLAF1	1	BCLAF1	HGNC:16863
PEX7	30	PEX7	HGNC:8860
CITED2	2	CITED2	HGNC:1987
HIVEP2	3	HIVEP2	HGNC:4921
PEX3	30	PEX3	HGNC:8858
PLAGL1	0	PLAGL1	HGNC:9046
HYMAI	0	HYMAI	HGNC:5326
STX11	30	STX11	HGNC:11429
EPM2A	30	EPM2A	HGNC:3413
GRM1	30	GRM1	HGNC:4593
TAB2	1	TAB2	HGNC:17075
IYD	30	IYD	HGNC:21071
RMND1	30	RMND1	HGNC:21176
ARID1B	3	ARID1B	HGNC:18040
SERAC1	30	SERAC1	HGNC:21061
GTF2H5	30	GTF2H5	HGNC:21157
IGF2R	0	IGF2R	HGNC:5467
PRKN	30	PRKN	HGNC:8607
UNC93A	40	UNC93A	HGNC:12570
SMOC2	30	SMOC2	HGNC:20323
ERMARD	1	ERMARD	HGNC:21056
DLL1	3	DLL1	HGNC:2908
FAM20C	30	FAM20C	HGNC:22140
LFNG	30	LFNG	HGNC:6560
BRAT1	30	BRAT1	HGNC:21701
ACTB	0	ACTB	HGNC:132
CRPPA	30	CRPPA	HGNC:37276
TWIST1	3	TWIST1	HGNC:12428
DNAH11	30	DNAH11	HGNC:2942
FKBP14	30	FKBP14	HGNC:18625
BMPER	30	BMPER	HGNC:24154
TBX20	2	TBX20	HGNC:11598
CDK13	2	CDK13	HGNC:1733
MPLKIP	30	MPLKIP	HGNC:16002
GLI3	3	GLI3	HGNC:4319
CAMK2B	1	CAMK2B	HGNC:1461
GRB10	0	GRB10	HGNC:4564
EGFR	0	EGFR	HGNC:3236
PSPH	30	PSPH	HGNC:9577
GUSB	30	GUSB	HGNC:4696
ASL	30	ASL	HGNC:746
KCTD7	30	KCTD7	HGNC:21957
AUTS2	3	AUTS2	HGNC:14262
ELN	3	ELN	HGNC:3327
LIMK1	0	LIMK1	HGNC:6613
GTF2IRD1	0	GTF2IRD1	HGNC:4661
GTF2I	0	GTF2I	HGNC:4659
NCF1	30	NCF1	HGNC:7660
GTF2IRD2	0	GTF2IRD2	HGNC:30775
POR	30	POR	HGNC:9208
GNAI1	0	GNAI1	HGNC:4384
CD36	30	CD36	HGNC:1663
HGF	30	HGF	HGNC:4893
SEMA3A	1	SEMA3A	HGNC:10723
GATAD1	30	GATAD1	HGNC:29941
PEX1	30	PEX1	HGNC:8850
CDK6	30	CDK6	HGNC:1777
SAMD9	30	SAMD9	HGNC:1348
COL1A2	0	COL1A2	HGNC:2198
SGCE	3	SGCE	HGNC:10808
PEG10	0	PEG10	HGNC:14005
PPP1R9A	0	PPP1R9A	HGNC:14946
SLC25A13	30	SLC25A13	HGNC:10983
SEM1	0	SEM1	HGNC:10845
DLX6	0	DLX6	HGNC:2919
DLX5	0	DLX5	HGNC:2918
NPTX2	0	NPTX2	HGNC:7953
TRRAP	1	TRRAP	HGNC:12347
CYP3A43	40	CYP3A43	HGNC:17450
TFR2	30	TFR2	HGNC:11762
ACTL6B	30	ACTL6B	HGNC:160
SERPINE1	30	SERPINE1	HGNC:8583
PLOD3	30	PLOD3	HGNC:9083
RELN	30	RELN	HGNC:9957
KMT2E	3	KMT2E	HGNC:18541
IMMP2L	40	IMMP2L	HGNC:14598
FOXP2	1	FOXP2	HGNC:13875
MET	0	MET	HGNC:7029
CFTR	30	CFTR	HGNC:1884
AASS	30	AASS	HGNC:17366
CADPS2	0	CADPS2	HGNC:16018
FLNC	3	FLNC	HGNC:3756
CPA4	0	CPA4	HGNC:15740
MEST	0	MEST	HGNC:7028
KLF14	0	KLF14	HGNC:23025
ATP6V0A4	30	ATP6V0A4	HGNC:866
UBN2	1	UBN2	HGNC:21931
BRAF	1	BRAF	HGNC:1097
AGK	30	AGK	HGNC:21869
PRSS1	0	PRSS1	HGNC:9475
TPK1	30	TPK1	HGNC:17358
CNTNAP2	1	CNTNAP2	HGNC:13830
KCNH2	3	KCNH2	HGNC:6251
PRKAG2	0	PRKAG2	HGNC:9386
KMT2C	3	KMT2C	HGNC:13726
DPP6	1	DPP6	HGNC:3010
EN2	0	EN2	HGNC:3343
SHH	3	SHH	HGNC:10848
RNF32	40	RNF32	HGNC:17118
LMBR1	30	LMBR1	HGNC:13243
MNX1	3	MNX1	HGNC:4979
DNAJB6	0	DNAJB6	HGNC:14888
DYNC2I1	30	DYNC2I1	HGNC:21862
DLGAP2	0	DLGAP2	HGNC:2906
CLN8	30	CLN8	HGNC:2079
CSMD1	1	CSMD1	HGNC:14026
MCPH1	30	MCPH1	HGNC:6954
MFHAS1	0	MFHAS1	HGNC:16982
GATA4	3	GATA4	HGNC:4173
CTSB	0	CTSB	HGNC:2527
TUSC3	30	TUSC3	HGNC:30242
VPS37A	30	VPS37A	HGNC:24928
ASAH1	30	ASAH1	HGNC:735
PSD3	0	PSD3	HGNC:19093
CHMP7	0	CHMP7	HGNC:28439
NEFL	0	NEFL	HGNC:7739
GNRH1	30	GNRH1	HGNC:4419
ESCO2	30	ESCO2	HGNC:27230
WRN	30	WRN	HGNC:12791
FGFR1	3	FGFR1	HGNC:3688
ADAM9	30	ADAM9	HGNC:216
KAT6A	3	KAT6A	HGNC:13013
HGSNAT	30	HGSNAT	HGNC:26527
RB1CC1	1	RB1CC1	HGNC:15574
BPNT2	30	BPNT2	HGNC:26019
CA8	30	CA8	HGNC:1382
CHD7	3	CHD7	HGNC:20626
ASPH	30	ASPH	HGNC:757
CSPP1	30	CSPP1	HGNC:26193
CPA6	0	CPA6	HGNC:17245
EYA1	3	EYA1	HGNC:3519
IMPA1	0	IMPA1	HGNC:6050
NBN	3	NBN	HGNC:7652
TMEM67	30	TMEM67	HGNC:28396
PDP1	30	PDP1	HGNC:9279
C8orf37	30	CFAP418	HGNC:27232
VPS13B	30	VPS13B	HGNC:2183
DPYS	30	DPYS	HGNC:3013
ZFPM2	1	ZFPM2	HGNC:16700
TRHR	30	TRHR	HGNC:12299
TRPS1	3	TRPS1	HGNC:12340
RAD21	3	RAD21	HGNC:9811
EXT1	3	EXT1	HGNC:3512
TNFRSF11B	30	TNFRSF11B	HGNC:11909
TAF2	30	TAF2	HGNC:11536
LRRC6	30	DNAAF11	HGNC:16725
NDRG1	30	NDRG1	HGNC:7679
KCNK9	0	KCNK9	HGNC:6283
TRAPPC9	30	TRAPPC9	HGNC:30832
SLURP1	30	SLURP1	HGNC:18746
GPIHBP1	30	GPIHBP1	HGNC:24945
DOCK8	30	DOCK8	HGNC:19191
KANK1	0	KANK1	HGNC:19309
DMRT2	0	DMRT2	HGNC:2935
SMARCA2	0	SMARCA2	HGNC:11098
VLDLR	30	VLDLR	HGNC:12698
KCNV2	30	KCNV2	HGNC:19698
GLIS3	30	GLIS3	HGNC:28510
GLDC	30	GLDC	HGNC:4313
TYRP1	30	TYRP1	HGNC:12450
MPDZ	30	MPDZ	HGNC:7208
MTAP	1	MTAP	HGNC:7413
CDKN2A	3	CDKN2A	HGNC:1787
ELAVL2	1	ELAVL2	HGNC:3313
B4GALT1	30	B4GALT1	HGNC:924
DNAI1	30	DNAI1	HGNC:2954
GALT	30	GALT	HGNC:4135
FANCG	30	FANCG	HGNC:3588
PIGO	30	PIGO	HGNC:23215
RMRP	30	RMRP	HGNC:10031
GBA2	30	GBA2	HGNC:18986
PAX5	1	PAX5	HGNC:8619
GRHPR	30	GRHPR	HGNC:4570
EXOSC3	30	EXOSC3	HGNC:17944
FXN	30	FXN	HGNC:3951
TJP2	30	TJP2	HGNC:11828
VPS13A	30	VPS13A	HGNC:1908
CEP78	30	CEP78	HGNC:25740
PSAT1	30	PSAT1	HGNC:19129
HNRNPK	3	HNRNPK	HGNC:5044
ROR2	0	ROR2	HGNC:10257
CENPP	0	CENPP	HGNC:32933
PHF2	1	PHF2	HGNC:8920
FBP1	30	FBP1	HGNC:3606
FANCC	30	FANCC	HGNC:3584
PTCH1	3	PTCH1	HGNC:9585
ERCC6L2	30	ERCC6L2	HGNC:26922
HSD17B3	30	HSD17B3	HGNC:5212
XPA	30	XPA	HGNC:12814
FOXE1	30	FOXE1	HGNC:3806
ANKS6	30	ANKS6	HGNC:26724
GALNT12	1	GALNT12	HGNC:19877
TGFBR1	2	TGFBR1	HGNC:11772
ALG2	30	ALG2	HGNC:23159
ZNF462	3	ZNF462	HGNC:21684
ALAD	30	ALAD	HGNC:395
WHRN	30	WHRN	HGNC:16361
ASTN2	1	ASTN2	HGNC:17021
TRIM32	30	TRIM32	HGNC:16380
CDK5RAP2	30	CDK5RAP2	HGNC:18672
NR5A1	3	NR5A1	HGNC:7983
LMX1B	3	LMX1B	HGNC:6654
STXBP1	3	STXBP1	HGNC:11444
TSC1	3	TSC1	HGNC:12362
SURF1	30	SURF1	HGNC:11474
ADAMTS13	30	ADAMTS13	HGNC:1366
ADAMTSL2	30	ADAMTSL2	HGNC:14631
DBH	30	DBH	HGNC:2689
COL5A1	3	COL5A1	HGNC:2209
LHX3	30	LHX3	HGNC:6595
INPP5E	30	INPP5E	HGNC:21474
AGPAT2	30	AGPAT2	HGNC:325
TPRN	30	TPRN	HGNC:26894
EHMT1	3	EHMT1	HGNC:24650
CSF2RA	30	CSF2RA	HGNC:2435
ARSD	0	ARSD	HGNC:717
VCX3A	0	VCX3A	HGNC:18159
STS	3	STS	HGNC:11425
ANOS1	3	ANOS1	HGNC:6211
CLCN4	1	CLCN4	HGNC:2022
MID1	3	MID1	HGNC:7095
TRAPPC2	3	TRAPPC2	HGNC:23068
OFD1	3	OFD1	HGNC:2567
FANCB	3	FANCB	HGNC:3583
PIGA	2	PIGA	HGNC:8957
AP1S2	3	AP1S2	HGNC:560
NHS	3	NHS	HGNC:7820
CDKL5	3	CDKL5	HGNC:11411
RS1	3	RS1	HGNC:10457
PDHA1	3	PDHA1	HGNC:8806
RPS6KA3	3	RPS6KA3	HGNC:10432
CNKSR2	3	CNKSR2	HGNC:19701
SMS	3	SMS	HGNC:11123
PHEX	3	PHEX	HGNC:8918
PTCHD1	3	PTCHD1	HGNC:26392
ARX	3	ARX	HGNC:18060
IL1RAPL1	3	IL1RAPL1	HGNC:5996
NR0B1	3	NR0B1	HGNC:7960
GK	3	GK	HGNC:4289
DMD	3	DMD	HGNC:2928
CYBB	3	CYBB	HGNC:2578
OTC	3	OTC	HGNC:8512
TSPAN7	1	TSPAN7	HGNC:11854
BCOR	3	BCOR	HGNC:20893
ATP6AP2	0	ATP6AP2	HGNC:18305
USP9X	3	USP9X	HGNC:12632
DDX3X	3	DDX3X	HGNC:2745
NYX	3	NYX	HGNC:8082
MAOA	1	MAOA	HGNC:6833
NDP	3	NDP	HGNC:7678
KDM6A	3	KDM6A	HGNC:12637
ZNF674	0	ZNF674	HGNC:17625
RP2	3	RP2	HGNC:10274
ZNF41	1	ZNF41	HGNC:13107
SYN1	3	SYN1	HGNC:11494
ELK1	0	ELK1	HGNC:3321
ZNF81	0	ZNF81	HGNC:13156
SLC38A5	0	SLC38A5	HGNC:18070
FTSJ1	2	FTSJ1	HGNC:13254
PORCN	3	PORCN	HGNC:17652
EBP	3	EBP	HGNC:3133
GATA1	0	GATA1	HGNC:4170
PQBP1	3	PQBP1	HGNC:9330
SLC35A2	3	SLC35A2	HGNC:11022
WDR45	3	WDR45	HGNC:28912
SYP	1	SYP	HGNC:11506
CLCN5	3	CLCN5	HGNC:2023
SHROOM4	0	SHROOM4	HGNC:29215
IQSEC2	3	IQSEC2	HGNC:29059
SMC1A	3	SMC1A	HGNC:11111
HSD17B10	0	HSD17B10	HGNC:4800
HUWE1	0	HUWE1	HGNC:30892
PHF8	3	PHF8	HGNC:20672
FGD1	3	FGD1	HGNC:3663
KLF8	0	KLF8	HGNC:6351
ARHGEF9	3	ARHGEF9	HGNC:14561
ZC4H2	3	ZC4H2	HGNC:24931
AR	3	AR	HGNC:644
OPHN1	3	OPHN1	HGNC:8148
EDA	3	EDA	HGNC:3157
DLG3	2	DLG3	HGNC:2902
MED12	0	MED12	HGNC:11957
NLGN3	0	NLGN3	HGNC:14289
ZMYM3	0	ZMYM3	HGNC:13054
HDAC8	3	HDAC8	HGNC:13315
XIST	3	XIST	HGNC:12810
SLC16A2	3	SLC16A2	HGNC:10923
NEXMIF	3	NEXMIF	HGNC:29433
ZDHHC15	0	ZDHHC15	HGNC:20342
ATRX	3	ATRX	HGNC:886
MAGT1	3	MAGT1	HGNC:28880
ATP7A	3	ATP7A	HGNC:869
PGK1	2	PGK1	HGNC:8896
TBX22	3	TBX22	HGNC:11600
BRWD3	3	BRWD3	HGNC:17342
CHM	3	CHM	HGNC:1940
PCDH19	3	PCDH19	HGNC:14270
SRPX2	0	SRPX2	HGNC:30668
TIMM8A	3	TIMM8A	HGNC:11817
BTK	3	BTK	HGNC:1133
GLA	3	GLA	HGNC:4296
NXF5	1	NXF5	HGNC:8075
PLP1	3	PLP1	HGNC:9086
MID2	0	MID2	HGNC:7096
COL4A5	3	COL4A5	HGNC:2207
ACSL4	1	ACSL4	HGNC:3571
CHRDL1	3	CHRDL1	HGNC:29861
PAK3	2	PAK3	HGNC:8592
DCX	3	DCX	HGNC:2714
AGTR2	0	AGTR2	HGNC:338
UBE2A	3	UBE2A	HGNC:12472
UPF3B	3	UPF3B	HGNC:20439
NDUFA1	0	NDUFA1	HGNC:7683
LAMP2	3	LAMP2	HGNC:6501
CUL4B	3	CUL4B	HGNC:2555
GRIA3	2	GRIA3	HGNC:4573
XIAP	3	XIAP	HGNC:592
STAG2	3	STAG2	HGNC:11355
SH2D1A	3	SH2D1A	HGNC:10820
OCRL	3	OCRL	HGNC:8108
ZDHHC9	3	ZDHHC9	HGNC:18475
FRMD7	3	FRMD7	HGNC:8079
GPC3	3	GPC3	HGNC:4451
PHF6	3	PHF6	HGNC:18145
HPRT1	3	HPRT1	HGNC:5157
SLC9A6	3	SLC9A6	HGNC:11079
CD40LG	3	CD40LG	HGNC:11935
ARHGEF6	0	ARHGEF6	HGNC:685
ZIC3	3	ZIC3	HGNC:12874
F9	3	F9	HGNC:3551
SOX3	0	SOX3	HGNC:11199
FMR1	3	FMR1	HGNC:3775
AFF2	3	AFF2	HGNC:3776
IDS	3	IDS	HGNC:5389
MTM1	3	MTM1	HGNC:7448
NSDHL	3	NSDHL	HGNC:13398
CCNQ	2	CCNQ	HGNC:28434
SLC6A8	3	SLC6A8	HGNC:11055
ABCD1	3	ABCD1	HGNC:61
L1CAM	3	L1CAM	HGNC:6470
AVPR2	3	AVPR2	HGNC:897
NAA10	1	NAA10	HGNC:18704
MECP2	3	MECP2	HGNC:6990
FLNA	3	FLNA	HGNC:3754
RPL10	0	RPL10	HGNC:10298
GDI1	1	GDI1	HGNC:4226
IKBKG	3	IKBKG	HGNC:5961
DKC1	1	DKC1	HGNC:2890
F8	3	F8	HGNC:3546
RAB39B	3	RAB39B	HGNC:16499
TMLHE	1	TMLHE	HGNC:18308
VAMP7	0	VAMP7	HGNC:11486
SRY	3	SRY	HGNC:11311
BPY2	0	BPY2	HGNC:13508
DAZ1	0	DAZ1	HGNC:2682
GOLGA2P2Y	0	GOLGA2P2Y	HGNC:16479
CDY1	0	CDY1	HGNC:1809
